Workbook
Name CFG_WS: 'Configuración'!$C$5
Name CFG_WE: 'Configuración'!$C$6
Name CFG_DH: 'Configuración'!$C$7
Name CFG_WH: 'Configuración'!$C$8
Name CFG_BLK: 'Configuración'!$C$9
Name CFG_RATE: 'Configuración'!$C$10
Name CFG_OTRATE: 'Configuración'!$C$11
Name CFG_MAXD: 'Configuración'!$C$12
Name CFG_BRK: 'Configuración'!$C$13
Name CFG_PSTART: 'Configuración'!$C$14
Name CFG_PEND: 'Configuración'!$C$15
Name CFG_CUT: 'Configuración'!$C$16
Name CFG_WSM: 'Configuración'!$D$5
Name CFG_WEM: 'Configuración'!$D$6
Name CFG_TODAY: 'Configuración'!$D$16
Name CFG_WDAYS: 'Configuración'!$G$5:$G$11
Name FER_F: 'Configuración'!$B$21:$B$60
Name FER_N: 'Configuración'!$C$21:$C$60
Name FER_NLM: 'Configuración'!$E$21:$E$60
Name FER_NLP: 'Configuración'!$F$21:$F$60
Name FER_OBJ: 'Configuración'!$G$21:$G$60
Name L_PROY: 'Configuración'!$J$5:$J$34
Name L_EMP: 'Configuración'!$L$38:$L$39
Name L_EST: 'Configuración'!$M$38:$M$43
Name L_NA: 'Configuración'!$N$38:$N$38
Name L_BRK: 'Configuración'!$O$38:$O$40
Name L_SN: 'Configuración'!$P$38:$P$39
Name L_TFER: 'Configuración'!$W$38:$W$39
Name L_MES: 'Configuración'!$Q$38:$Q$41
Name L_MES3: 'Configuración'!$Q$39:$Q$41
Name L_MESD: 'Configuración'!$R$38:$R$41
Name L_MESH: 'Configuración'!$S$38:$S$41
Name L_SEM: 'Configuración'!$U$38:$U$51
Name L_PFILT: 'Configuración'!$V$38:$V$98
Name L_PER: 'Configuración'!$X$38:$X$41
Name R_ID: 'Registro de Horas'!$A$6:$A$5000
Name R_Fecha: 'Registro de Horas'!$B$6:$B$5000
Name R_Dia: 'Registro de Horas'!$C$6:$C$5000
Name R_Emp: 'Registro de Horas'!$D$6:$D$5000
Name R_Proy: 'Registro de Horas'!$E$6:$E$5000
Name R_Task: 'Registro de Horas'!$F$6:$F$5000
Name R_Desc: 'Registro de Horas'!$G$6:$G$5000
Name R_Ini: 'Registro de Horas'!$H$6:$H$5000
Name R_Fin: 'Registro de Horas'!$I$6:$I$5000
Name R_Brk: 'Registro de Horas'!$J$6:$J$5000
Name R_Dur: 'Registro de Horas'!$K$6:$K$5000
Name R_Nor: 'Registro de Horas'!$L$6:$L$5000
Name R_Ext: 'Registro de Horas'!$M$6:$M$5000
Name R_Blq: 'Registro de Horas'!$N$6:$N$5000
Name R_Reg: 'Registro de Horas'!$O$6:$O$5000
Name R_Val: 'Registro de Horas'!$P$6:$P$5000
Name R_Tipo: 'Registro de Horas'!$Q$6:$Q$5000
Name R_Est: 'Registro de Horas'!$R$6:$R$5000
Name R_FEnv: 'Registro de Horas'!$S$6:$S$5000
Name R_FApr: 'Registro de Horas'!$T$6:$T$5000
Name R_Obs: 'Registro de Horas'!$U$6:$U$5000
Name R_Age: 'Registro de Horas'!$V$6:$V$5000
Name R_Alert: 'Registro de Horas'!$W$6:$W$5000
Name R_Used: 'Registro de Horas'!$Y$6:$Y$5000
Name R_sMin: 'Registro de Horas'!$Z$6:$Z$5000

Sheet Dashboard
B1: Developer Time Tracking · Oct – Dic 2026
B2: Dashboard vinculado a Registro de Horas. Filtros (celdas amarillas): Mes y Proyecto aplican a los indicadores; los gráficos usan el filtro de Proyecto.
S3: Datos de los gráficos (automáticos · filtro de Proyecto)
B4: Mes ▸ | C4: Todos | F4: Proyecto ▸ | G4: Todos | J4: Período | K4: =INDEX(L_MESD,MATCH(DB_MON,L_MES,0)) -> 46296 | L4: =INDEX(L_MESH,MATCH(DB_MON,L_MES,0)) -> 46387 | N4: =IF(SUMIFS(R_Alr,R_FAll,1)+COUNTIFS(R_St,"Returned",R_FAll,1)>0,"⚠ "&(SUMIFS(R_Alr,R_FAll,1)+COUNTIFS(R_St,"Returned",R_FAll,1))&" alerta(s) proMX","✓ Sin alertas proMX") -> ⚠ 1 alerta(s) proMX | S4: Mes | T4: Malcolm | U4: proMX | V4: Normales | W4: Extras | X4: Objetivo | Y4: Trabajadas | AA4: Semana (lunes) | AB4: Malcolm | AC4: proMX | AD4: Objetivo | AE4: Aprobadas acum. | AF4: Trabajadas | AG4: Etiqueta
S5: Octubre | T5: =SUMIFS(R_HD0,R_FProj,1,R_Emp,"Malcolm",R_Fecha,">="&DATE(2026,10,1),R_Fecha,"<="&DATE(2026,10,31))+SUMIFS(R_HD1,R_FProj,1,R_Emp,"Malcolm",R_D1,">="&DATE(2026,10,1),R_D1,"<="&DATE(2026,10,31)) -> 6.333333 | U5: =SUMIFS(R_HD0,R_FProj,1,R_Emp,"proMX",R_Fecha,">="&DATE(2026,10,1),R_Fecha,"<="&DATE(2026,10,31))+SUMIFS(R_HD1,R_FProj,1,R_Emp,"proMX",R_D1,">="&DATE(2026,10,1),R_D1,"<="&DATE(2026,10,31)) -> 10.5 | V5: =SUMIFS(R_ND0,R_FProj,1,R_Fecha,">="&DATE(2026,10,1),R_Fecha,"<="&DATE(2026,10,31))+SUMIFS(R_ND1,R_FProj,1,R_D1,">="&DATE(2026,10,1),R_D1,"<="&DATE(2026,10,31)) -> 14.833333 | W5: =SUMIFS(R_XD0,R_FProj,1,R_Fecha,">="&DATE(2026,10,1),R_Fecha,"<="&DATE(2026,10,31))+SUMIFS(R_XD1,R_FProj,1,R_D1,">="&DATE(2026,10,1),R_D1,"<="&DATE(2026,10,31)) -> 2 | X5: ='Resumen Trimestral'!C12 -> 168 | Y5: =T5+U5 -> 16.833333 | AA5: 46293 | AB5: =SUMIFS(R_HD0,R_FProj,1,R_Emp,"Malcolm",R_Fecha,">="&AA5,R_Fecha,"<="&AA5+6)+SUMIFS(R_HD1,R_FProj,1,R_Emp,"Malcolm",R_D1,">="&AA5,R_D1,"<="&AA5+6) -> 0 | AC5: =SUMIFS(R_HD0,R_FProj,1,R_Emp,"proMX",R_Fecha,">="&AA5,R_Fecha,"<="&AA5+6)+SUMIFS(R_HD1,R_FProj,1,R_Emp,"proMX",R_D1,">="&AA5,R_D1,"<="&AA5+6) -> 9 | AD5: =MIN(CFG_WH,SUMIFS('Octubre 2026'!$L$9:$L$44,'Octubre 2026'!$A$9:$A$44,">="&AA5,'Octubre 2026'!$A$9:$A$44,"<="&AA5+6,'Octubre 2026'!$N$9:$N$44,"D")+SUMIFS('Noviembre 2026'!$L$9:$L$44,'Noviembre 2026'!$A$9:$A$44,">="&AA5,'Noviembre 2026'!$A$9:$A$44,"<="&AA5+6,'Noviembre 2026'!$N$9:$N$44,"D")+SUMIFS('Diciembre 2026'!$L$9:$L$44,'Diciembre 2026'!$A$9:$A$44,">="&AA5,'Diciembre 2026'!$A$9:$A$44,"<="&AA5+6,'Diciembre 2026'!$N$9:$N$44,"D")) -> 16 | AE5: =SUMIFS(R_Hval,R_St,"Approved",R_FProj,1,R_ApD,"<="&AA5+6) -> 0 | AF5: =AB5+AC5 -> 9 | AG5: 28/09
B6: TOTAL HORAS TRABAJADAS | F6: HORAS MALCOLM | J6: HORAS PROMX | N6: TIEMPO CRONOLÓGICO ÚNICO | S6: Noviembre | T6: =SUMIFS(R_HD0,R_FProj,1,R_Emp,"Malcolm",R_Fecha,">="&DATE(2026,11,1),R_Fecha,"<="&DATE(2026,11,30))+SUMIFS(R_HD1,R_FProj,1,R_Emp,"Malcolm",R_D1,">="&DATE(2026,11,1),R_D1,"<="&DATE(2026,11,30)) -> 0 | U6: =SUMIFS(R_HD0,R_FProj,1,R_Emp,"proMX",R_Fecha,">="&DATE(2026,11,1),R_Fecha,"<="&DATE(2026,11,30))+SUMIFS(R_HD1,R_FProj,1,R_Emp,"proMX",R_D1,">="&DATE(2026,11,1),R_D1,"<="&DATE(2026,11,30)) -> 0 | V6: =SUMIFS(R_ND0,R_FProj,1,R_Fecha,">="&DATE(2026,11,1),R_Fecha,"<="&DATE(2026,11,30))+SUMIFS(R_ND1,R_FProj,1,R_D1,">="&DATE(2026,11,1),R_D1,"<="&DATE(2026,11,30)) -> 0 | W6: =SUMIFS(R_XD0,R_FProj,1,R_Fecha,">="&DATE(2026,11,1),R_Fecha,"<="&DATE(2026,11,30))+SUMIFS(R_XD1,R_FProj,1,R_D1,">="&DATE(2026,11,1),R_D1,"<="&DATE(2026,11,30)) -> 0 | X6: ='Resumen Trimestral'!D12 -> 152 | Y6: =T6+U6 -> 0 | AA6: 46300 | AB6: =SUMIFS(R_HD0,R_FProj,1,R_Emp,"Malcolm",R_Fecha,">="&AA6,R_Fecha,"<="&AA6+6)+SUMIFS(R_HD1,R_FProj,1,R_Emp,"Malcolm",R_D1,">="&AA6,R_D1,"<="&AA6+6) -> 6.333333 | AC6: =SUMIFS(R_HD0,R_FProj,1,R_Emp,"proMX",R_Fecha,">="&AA6,R_Fecha,"<="&AA6+6)+SUMIFS(R_HD1,R_FProj,1,R_Emp,"proMX",R_D1,">="&AA6,R_D1,"<="&AA6+6) -> 1.5 | AD6: =MIN(CFG_WH,SUMIFS('Octubre 2026'!$L$9:$L$44,'Octubre 2026'!$A$9:$A$44,">="&AA6,'Octubre 2026'!$A$9:$A$44,"<="&AA6+6,'Octubre 2026'!$N$9:$N$44,"D")+SUMIFS('Noviembre 2026'!$L$9:$L$44,'Noviembre 2026'!$A$9:$A$44,">="&AA6,'Noviembre 2026'!$A$9:$A$44,"<="&AA6+6,'Noviembre 2026'!$N$9:$N$44,"D")+SUMIFS('Diciembre 2026'!$L$9:$L$44,'Diciembre 2026'!$A$9:$A$44,">="&AA6,'Diciembre 2026'!$A$9:$A$44,"<="&AA6+6,'Diciembre 2026'!$N$9:$N$44,"D")) -> 40 | AE6: =SUMIFS(R_Hval,R_St,"Approved",R_FProj,1,R_ApD,"<="&AA6+6) -> 6 | AF6: =AB6+AC6 -> 7.833333 | AG6: 05/10
B7: =SUMIFS(R_Hcnt,R_FAll,1) -> 16.833333 | F7: =SUMIFS(R_Hcnt,R_Emp,"Malcolm",R_FAll,1) -> 6.333333 | J7: =SUMIFS(R_Hcnt,R_Emp,"proMX",R_FAll,1) -> 10.5 | N7: =SUMIFS(R_Hcnt,R_FAll,1)-SUMIFS(R_XOvH,R_FAll,1) -> 16.833333 | S7: Diciembre | T7: =SUMIFS(R_HD0,R_FProj,1,R_Emp,"Malcolm",R_Fecha,">="&DATE(2026,12,1),R_Fecha,"<="&DATE(2026,12,31))+SUMIFS(R_HD1,R_FProj,1,R_Emp,"Malcolm",R_D1,">="&DATE(2026,12,1),R_D1,"<="&DATE(2026,12,31)) -> 0 | U7: =SUMIFS(R_HD0,R_FProj,1,R_Emp,"proMX",R_Fecha,">="&DATE(2026,12,1),R_Fecha,"<="&DATE(2026,12,31))+SUMIFS(R_HD1,R_FProj,1,R_Emp,"proMX",R_D1,">="&DATE(2026,12,1),R_D1,"<="&DATE(2026,12,31)) -> 0 | V7: =SUMIFS(R_ND0,R_FProj,1,R_Fecha,">="&DATE(2026,12,1),R_Fecha,"<="&DATE(2026,12,31))+SUMIFS(R_ND1,R_FProj,1,R_D1,">="&DATE(2026,12,1),R_D1,"<="&DATE(2026,12,31)) -> 0 | W7: =SUMIFS(R_XD0,R_FProj,1,R_Fecha,">="&DATE(2026,12,1),R_Fecha,"<="&DATE(2026,12,31))+SUMIFS(R_XD1,R_FProj,1,R_D1,">="&DATE(2026,12,1),R_D1,"<="&DATE(2026,12,31)) -> 0 | X7: ='Resumen Trimestral'!E12 -> 176 | Y7: =T7+U7 -> 0 | AA7: 46307 | AB7: =SUMIFS(R_HD0,R_FProj,1,R_Emp,"Malcolm",R_Fecha,">="&AA7,R_Fecha,"<="&AA7+6)+SUMIFS(R_HD1,R_FProj,1,R_Emp,"Malcolm",R_D1,">="&AA7,R_D1,"<="&AA7+6) -> 0 | AC7: =SUMIFS(R_HD0,R_FProj,1,R_Emp,"proMX",R_Fecha,">="&AA7,R_Fecha,"<="&AA7+6)+SUMIFS(R_HD1,R_FProj,1,R_Emp,"proMX",R_D1,">="&AA7,R_D1,"<="&AA7+6) -> 0 | AD7: =MIN(CFG_WH,SUMIFS('Octubre 2026'!$L$9:$L$44,'Octubre 2026'!$A$9:$A$44,">="&AA7,'Octubre 2026'!$A$9:$A$44,"<="&AA7+6,'Octubre 2026'!$N$9:$N$44,"D")+SUMIFS('Noviembre 2026'!$L$9:$L$44,'Noviembre 2026'!$A$9:$A$44,">="&AA7,'Noviembre 2026'!$A$9:$A$44,"<="&AA7+6,'Noviembre 2026'!$N$9:$N$44,"D")+SUMIFS('Diciembre 2026'!$L$9:$L$44,'Diciembre 2026'!$A$9:$A$44,">="&AA7,'Diciembre 2026'!$A$9:$A$44,"<="&AA7+6,'Diciembre 2026'!$N$9:$N$44,"D")) -> 32 | AE7: =SUMIFS(R_Hval,R_St,"Approved",R_FProj,1,R_ApD,"<="&AA7+6) -> 6 | AF7: =AB7+AC7 -> 0 | AG7: 12/10
AA8: 46314 | AB8: =SUMIFS(R_HD0,R_FProj,1,R_Emp,"Malcolm",R_Fecha,">="&AA8,R_Fecha,"<="&AA8+6)+SUMIFS(R_HD1,R_FProj,1,R_Emp,"Malcolm",R_D1,">="&AA8,R_D1,"<="&AA8+6) -> 0 | AC8: =SUMIFS(R_HD0,R_FProj,1,R_Emp,"proMX",R_Fecha,">="&AA8,R_Fecha,"<="&AA8+6)+SUMIFS(R_HD1,R_FProj,1,R_Emp,"proMX",R_D1,">="&AA8,R_D1,"<="&AA8+6) -> 0 | AD8: =MIN(CFG_WH,SUMIFS('Octubre 2026'!$L$9:$L$44,'Octubre 2026'!$A$9:$A$44,">="&AA8,'Octubre 2026'!$A$9:$A$44,"<="&AA8+6,'Octubre 2026'!$N$9:$N$44,"D")+SUMIFS('Noviembre 2026'!$L$9:$L$44,'Noviembre 2026'!$A$9:$A$44,">="&AA8,'Noviembre 2026'!$A$9:$A$44,"<="&AA8+6,'Noviembre 2026'!$N$9:$N$44,"D")+SUMIFS('Diciembre 2026'!$L$9:$L$44,'Diciembre 2026'!$A$9:$A$44,">="&AA8,'Diciembre 2026'!$A$9:$A$44,"<="&AA8+6,'Diciembre 2026'!$N$9:$N$44,"D")) -> 40 | AE8: =SUMIFS(R_Hval,R_St,"Approved",R_FProj,1,R_ApD,"<="&AA8+6) -> 6 | AF8: =AB8+AC8 -> 0 | AG8: 19/10
B9: Imputadas a ambas empresas | F9: Registros válidos | J9: Válidas, sin Cancelled | N9: ="Superposición Malcolm/proMX: "&FIXED(SUMIFS(R_XOvH,R_FAll,1),2)&" h" -> Superposición Malcolm/proMX: 0.00 h | AA9: 46321 | AB9: =SUMIFS(R_HD0,R_FProj,1,R_Emp,"Malcolm",R_Fecha,">="&AA9,R_Fecha,"<="&AA9+6)+SUMIFS(R_HD1,R_FProj,1,R_Emp,"Malcolm",R_D1,">="&AA9,R_D1,"<="&AA9+6) -> 0 | AC9: =SUMIFS(R_HD0,R_FProj,1,R_Emp,"proMX",R_Fecha,">="&AA9,R_Fecha,"<="&AA9+6)+SUMIFS(R_HD1,R_FProj,1,R_Emp,"proMX",R_D1,">="&AA9,R_D1,"<="&AA9+6) -> 0 | AD9: =MIN(CFG_WH,SUMIFS('Octubre 2026'!$L$9:$L$44,'Octubre 2026'!$A$9:$A$44,">="&AA9,'Octubre 2026'!$A$9:$A$44,"<="&AA9+6,'Octubre 2026'!$N$9:$N$44,"D")+SUMIFS('Noviembre 2026'!$L$9:$L$44,'Noviembre 2026'!$A$9:$A$44,">="&AA9,'Noviembre 2026'!$A$9:$A$44,"<="&AA9+6,'Noviembre 2026'!$N$9:$N$44,"D")+SUMIFS('Diciembre 2026'!$L$9:$L$44,'Diciembre 2026'!$A$9:$A$44,">="&AA9,'Diciembre 2026'!$A$9:$A$44,"<="&AA9+6,'Diciembre 2026'!$N$9:$N$44,"D")) -> 40 | AE9: =SUMIFS(R_Hval,R_St,"Approved",R_FProj,1,R_ApD,"<="&AA9+6) -> 6 | AF9: =AB9+AC9 -> 0 | AG9: 26/10
S10: Estado proMX | T10: Horas | AA10: 46328 | AB10: =SUMIFS(R_HD0,R_FProj,1,R_Emp,"Malcolm",R_Fecha,">="&AA10,R_Fecha,"<="&AA10+6)+SUMIFS(R_HD1,R_FProj,1,R_Emp,"Malcolm",R_D1,">="&AA10,R_D1,"<="&AA10+6) -> 0 | AC10: =SUMIFS(R_HD0,R_FProj,1,R_Emp,"proMX",R_Fecha,">="&AA10,R_Fecha,"<="&AA10+6)+SUMIFS(R_HD1,R_FProj,1,R_Emp,"proMX",R_D1,">="&AA10,R_D1,"<="&AA10+6) -> 0 | AD10: =MIN(CFG_WH,SUMIFS('Octubre 2026'!$L$9:$L$44,'Octubre 2026'!$A$9:$A$44,">="&AA10,'Octubre 2026'!$A$9:$A$44,"<="&AA10+6,'Octubre 2026'!$N$9:$N$44,"D")+SUMIFS('Noviembre 2026'!$L$9:$L$44,'Noviembre 2026'!$A$9:$A$44,">="&AA10,'Noviembre 2026'!$A$9:$A$44,"<="&AA10+6,'Noviembre 2026'!$N$9:$N$44,"D")+SUMIFS('Diciembre 2026'!$L$9:$L$44,'Diciembre 2026'!$A$9:$A$44,">="&AA10,'Diciembre 2026'!$A$9:$A$44,"<="&AA10+6,'Diciembre 2026'!$N$9:$N$44,"D")) -> 40 | AE10: =SUMIFS(R_Hval,R_St,"Approved",R_FProj,1,R_ApD,"<="&AA10+6) -> 6 | AF10: =AB10+AC10 -> 0 | AG10: 02/11
B11: HORAS NORMALES | F11: HORAS EXTRAS | J11: HORAS OBJETIVO | N11: HORAS DRAFT | S11: Draft | T11: =SUMIFS(R_Hval,R_St,"Draft",R_FProj,1) -> 1.5 | AA11: 46335 | AB11: =SUMIFS(R_HD0,R_FProj,1,R_Emp,"Malcolm",R_Fecha,">="&AA11,R_Fecha,"<="&AA11+6)+SUMIFS(R_HD1,R_FProj,1,R_Emp,"Malcolm",R_D1,">="&AA11,R_D1,"<="&AA11+6) -> 0 | AC11: =SUMIFS(R_HD0,R_FProj,1,R_Emp,"proMX",R_Fecha,">="&AA11,R_Fecha,"<="&AA11+6)+SUMIFS(R_HD1,R_FProj,1,R_Emp,"proMX",R_D1,">="&AA11,R_D1,"<="&AA11+6) -> 0 | AD11: =MIN(CFG_WH,SUMIFS('Octubre 2026'!$L$9:$L$44,'Octubre 2026'!$A$9:$A$44,">="&AA11,'Octubre 2026'!$A$9:$A$44,"<="&AA11+6,'Octubre 2026'!$N$9:$N$44,"D")+SUMIFS('Noviembre 2026'!$L$9:$L$44,'Noviembre 2026'!$A$9:$A$44,">="&AA11,'Noviembre 2026'!$A$9:$A$44,"<="&AA11+6,'Noviembre 2026'!$N$9:$N$44,"D")+SUMIFS('Diciembre 2026'!$L$9:$L$44,'Diciembre 2026'!$A$9:$A$44,">="&AA11,'Diciembre 2026'!$A$9:$A$44,"<="&AA11+6,'Diciembre 2026'!$N$9:$N$44,"D")) -> 32 | AE11: =SUMIFS(R_Hval,R_St,"Approved",R_FProj,1,R_ApD,"<="&AA11+6) -> 6 | AF11: =AB11+AC11 -> 0 | AG11: 09/11
B12: =SUMIFS(R_NorH,R_FAll,1) -> 14.833333 | F12: =SUMIFS(R_ExtH,R_FAll,1) -> 2 | J12: =IF(DB_MON="Todos",'Resumen Trimestral'!F12,INDEX('Resumen Trimestral'!C12:E12,MATCH(DB_MON,L_MES3,0))) -> 496 | N12: =SUMIFS(R_Hval,R_St,"Draft",R_FAll,1) -> 1.5 | S12: Submitted | T12: =SUMIFS(R_Hval,R_St,"Submitted",R_FProj,1) -> 3 | AA12: 46342 | AB12: =SUMIFS(R_HD0,R_FProj,1,R_Emp,"Malcolm",R_Fecha,">="&AA12,R_Fecha,"<="&AA12+6)+SUMIFS(R_HD1,R_FProj,1,R_Emp,"Malcolm",R_D1,">="&AA12,R_D1,"<="&AA12+6) -> 0 | AC12: =SUMIFS(R_HD0,R_FProj,1,R_Emp,"proMX",R_Fecha,">="&AA12,R_Fecha,"<="&AA12+6)+SUMIFS(R_HD1,R_FProj,1,R_Emp,"proMX",R_D1,">="&AA12,R_D1,"<="&AA12+6) -> 0 | AD12: =MIN(CFG_WH,SUMIFS('Octubre 2026'!$L$9:$L$44,'Octubre 2026'!$A$9:$A$44,">="&AA12,'Octubre 2026'!$A$9:$A$44,"<="&AA12+6,'Octubre 2026'!$N$9:$N$44,"D")+SUMIFS('Noviembre 2026'!$L$9:$L$44,'Noviembre 2026'!$A$9:$A$44,">="&AA12,'Noviembre 2026'!$A$9:$A$44,"<="&AA12+6,'Noviembre 2026'!$N$9:$N$44,"D")+SUMIFS('Diciembre 2026'!$L$9:$L$44,'Diciembre 2026'!$A$9:$A$44,">="&AA12,'Diciembre 2026'!$A$9:$A$44,"<="&AA12+6,'Diciembre 2026'!$N$9:$N$44,"D")) -> 40 | AE12: =SUMIFS(R_Hval,R_St,"Approved",R_FProj,1,R_ApD,"<="&AA12+6) -> 6 | AF12: =AB12+AC12 -> 0 | AG12: 16/11
S13: Approved | T13: =SUMIFS(R_Hval,R_St,"Approved",R_FProj,1) -> 6 | AA13: 46349 | AB13: =SUMIFS(R_HD0,R_FProj,1,R_Emp,"Malcolm",R_Fecha,">="&AA13,R_Fecha,"<="&AA13+6)+SUMIFS(R_HD1,R_FProj,1,R_Emp,"Malcolm",R_D1,">="&AA13,R_D1,"<="&AA13+6) -> 0 | AC13: =SUMIFS(R_HD0,R_FProj,1,R_Emp,"proMX",R_Fecha,">="&AA13,R_Fecha,"<="&AA13+6)+SUMIFS(R_HD1,R_FProj,1,R_Emp,"proMX",R_D1,">="&AA13,R_D1,"<="&AA13+6) -> 0 | AD13: =MIN(CFG_WH,SUMIFS('Octubre 2026'!$L$9:$L$44,'Octubre 2026'!$A$9:$A$44,">="&AA13,'Octubre 2026'!$A$9:$A$44,"<="&AA13+6,'Octubre 2026'!$N$9:$N$44,"D")+SUMIFS('Noviembre 2026'!$L$9:$L$44,'Noviembre 2026'!$A$9:$A$44,">="&AA13,'Noviembre 2026'!$A$9:$A$44,"<="&AA13+6,'Noviembre 2026'!$N$9:$N$44,"D")+SUMIFS('Diciembre 2026'!$L$9:$L$44,'Diciembre 2026'!$A$9:$A$44,">="&AA13,'Diciembre 2026'!$A$9:$A$44,"<="&AA13+6,'Diciembre 2026'!$N$9:$N$44,"D")) -> 32 | AE13: =SUMIFS(R_Hval,R_St,"Approved",R_FProj,1,R_ApD,"<="&AA13+6) -> 6 | AF13: =AB13+AC13 -> 0 | AG13: 23/11
B14: Dentro del horario laboral | F14: Fuera de horario / días no laborables | J14: ="Cumplimiento (todos los proyectos): "&FIXED(IFERROR(100*SUMIFS(R_Hcnt,R_FMon,1)/J12,0),0)&"%" -> Cumplimiento (todos los proyectos): 3% | N14: proMX · registradas, sin enviar | S14: Returned | T14: =SUMIFS(R_Hval,R_St,"Returned",R_FProj,1) -> 0 | AA14: 46356 | AB14: =SUMIFS(R_HD0,R_FProj,1,R_Emp,"Malcolm",R_Fecha,">="&AA14,R_Fecha,"<="&AA14+6)+SUMIFS(R_HD1,R_FProj,1,R_Emp,"Malcolm",R_D1,">="&AA14,R_D1,"<="&AA14+6) -> 0 | AC14: =SUMIFS(R_HD0,R_FProj,1,R_Emp,"proMX",R_Fecha,">="&AA14,R_Fecha,"<="&AA14+6)+SUMIFS(R_HD1,R_FProj,1,R_Emp,"proMX",R_D1,">="&AA14,R_D1,"<="&AA14+6) -> 0 | AD14: =MIN(CFG_WH,SUMIFS('Octubre 2026'!$L$9:$L$44,'Octubre 2026'!$A$9:$A$44,">="&AA14,'Octubre 2026'!$A$9:$A$44,"<="&AA14+6,'Octubre 2026'!$N$9:$N$44,"D")+SUMIFS('Noviembre 2026'!$L$9:$L$44,'Noviembre 2026'!$A$9:$A$44,">="&AA14,'Noviembre 2026'!$A$9:$A$44,"<="&AA14+6,'Noviembre 2026'!$N$9:$N$44,"D")+SUMIFS('Diciembre 2026'!$L$9:$L$44,'Diciembre 2026'!$A$9:$A$44,">="&AA14,'Diciembre 2026'!$A$9:$A$44,"<="&AA14+6,'Diciembre 2026'!$N$9:$N$44,"D")) -> 40 | AE14: =SUMIFS(R_Hval,R_St,"Approved",R_FProj,1,R_ApD,"<="&AA14+6) -> 6 | AF14: =AB14+AC14 -> 0 | AG14: 30/11
S15: Recall Requested | T15: =SUMIFS(R_Hval,R_St,"Recall Requested",R_FProj,1) -> 0 | AA15: 46363 | AB15: =SUMIFS(R_HD0,R_FProj,1,R_Emp,"Malcolm",R_Fecha,">="&AA15,R_Fecha,"<="&AA15+6)+SUMIFS(R_HD1,R_FProj,1,R_Emp,"Malcolm",R_D1,">="&AA15,R_D1,"<="&AA15+6) -> 0 | AC15: =SUMIFS(R_HD0,R_FProj,1,R_Emp,"proMX",R_Fecha,">="&AA15,R_Fecha,"<="&AA15+6)+SUMIFS(R_HD1,R_FProj,1,R_Emp,"proMX",R_D1,">="&AA15,R_D1,"<="&AA15+6) -> 0 | AD15: =MIN(CFG_WH,SUMIFS('Octubre 2026'!$L$9:$L$44,'Octubre 2026'!$A$9:$A$44,">="&AA15,'Octubre 2026'!$A$9:$A$44,"<="&AA15+6,'Octubre 2026'!$N$9:$N$44,"D")+SUMIFS('Noviembre 2026'!$L$9:$L$44,'Noviembre 2026'!$A$9:$A$44,">="&AA15,'Noviembre 2026'!$A$9:$A$44,"<="&AA15+6,'Noviembre 2026'!$N$9:$N$44,"D")+SUMIFS('Diciembre 2026'!$L$9:$L$44,'Diciembre 2026'!$A$9:$A$44,">="&AA15,'Diciembre 2026'!$A$9:$A$44,"<="&AA15+6,'Diciembre 2026'!$N$9:$N$44,"D")) -> 40 | AE15: =SUMIFS(R_Hval,R_St,"Approved",R_FProj,1,R_ApD,"<="&AA15+6) -> 6 | AF15: =AB15+AC15 -> 0 | AG15: 07/12
B16: HORAS SUBMITTED | F16: HORAS APPROVED | J16: PENDIENTES DE APROBACIÓN | N16: BLOQUES PROMX APROBADOS | S16: Cancelled | T16: =SUMIFS(R_Hval,R_St,"Cancelled",R_FProj,1) -> 0 | AA16: 46370 | AB16: =SUMIFS(R_HD0,R_FProj,1,R_Emp,"Malcolm",R_Fecha,">="&AA16,R_Fecha,"<="&AA16+6)+SUMIFS(R_HD1,R_FProj,1,R_Emp,"Malcolm",R_D1,">="&AA16,R_D1,"<="&AA16+6) -> 0 | AC16: =SUMIFS(R_HD0,R_FProj,1,R_Emp,"proMX",R_Fecha,">="&AA16,R_Fecha,"<="&AA16+6)+SUMIFS(R_HD1,R_FProj,1,R_Emp,"proMX",R_D1,">="&AA16,R_D1,"<="&AA16+6) -> 0 | AD16: =MIN(CFG_WH,SUMIFS('Octubre 2026'!$L$9:$L$44,'Octubre 2026'!$A$9:$A$44,">="&AA16,'Octubre 2026'!$A$9:$A$44,"<="&AA16+6,'Octubre 2026'!$N$9:$N$44,"D")+SUMIFS('Noviembre 2026'!$L$9:$L$44,'Noviembre 2026'!$A$9:$A$44,">="&AA16,'Noviembre 2026'!$A$9:$A$44,"<="&AA16+6,'Noviembre 2026'!$N$9:$N$44,"D")+SUMIFS('Diciembre 2026'!$L$9:$L$44,'Diciembre 2026'!$A$9:$A$44,">="&AA16,'Diciembre 2026'!$A$9:$A$44,"<="&AA16+6,'Diciembre 2026'!$N$9:$N$44,"D")) -> 40 | AE16: =SUMIFS(R_Hval,R_St,"Approved",R_FProj,1,R_ApD,"<="&AA16+6) -> 6 | AF16: =AB16+AC16 -> 0 | AG16: 14/12
B17: =SUMIFS(R_Hval,R_St,"Submitted",R_FAll,1) -> 3 | F17: =SUMIFS(R_Hval,R_St,"Approved",R_FAll,1) -> 6 | J17: =SUMIFS(R_Hval,R_St,"Submitted",R_FAll,1)+SUMIFS(R_Hval,R_St,"Recall Requested",R_FAll,1) -> 3 | N17: =SUMIFS(R_BlkV,R_St,"Approved",R_FAll,1) -> 12 | AA17: 46377 | AB17: =SUMIFS(R_HD0,R_FProj,1,R_Emp,"Malcolm",R_Fecha,">="&AA17,R_Fecha,"<="&AA17+6)+SUMIFS(R_HD1,R_FProj,1,R_Emp,"Malcolm",R_D1,">="&AA17,R_D1,"<="&AA17+6) -> 0 | AC17: =SUMIFS(R_HD0,R_FProj,1,R_Emp,"proMX",R_Fecha,">="&AA17,R_Fecha,"<="&AA17+6)+SUMIFS(R_HD1,R_FProj,1,R_Emp,"proMX",R_D1,">="&AA17,R_D1,"<="&AA17+6) -> 0 | AD17: =MIN(CFG_WH,SUMIFS('Octubre 2026'!$L$9:$L$44,'Octubre 2026'!$A$9:$A$44,">="&AA17,'Octubre 2026'!$A$9:$A$44,"<="&AA17+6,'Octubre 2026'!$N$9:$N$44,"D")+SUMIFS('Noviembre 2026'!$L$9:$L$44,'Noviembre 2026'!$A$9:$A$44,">="&AA17,'Noviembre 2026'!$A$9:$A$44,"<="&AA17+6,'Noviembre 2026'!$N$9:$N$44,"D")+SUMIFS('Diciembre 2026'!$L$9:$L$44,'Diciembre 2026'!$A$9:$A$44,">="&AA17,'Diciembre 2026'!$A$9:$A$44,"<="&AA17+6,'Diciembre 2026'!$N$9:$N$44,"D")) -> 32 | AE17: =SUMIFS(R_Hval,R_St,"Approved",R_FProj,1,R_ApD,"<="&AA17+6) -> 6 | AF17: =AB17+AC17 -> 0 | AG17: 21/12
AA18: 46384 | AB18: =SUMIFS(R_HD0,R_FProj,1,R_Emp,"Malcolm",R_Fecha,">="&AA18,R_Fecha,"<="&AA18+6)+SUMIFS(R_HD1,R_FProj,1,R_Emp,"Malcolm",R_D1,">="&AA18,R_D1,"<="&AA18+6) -> 0 | AC18: =SUMIFS(R_HD0,R_FProj,1,R_Emp,"proMX",R_Fecha,">="&AA18,R_Fecha,"<="&AA18+6)+SUMIFS(R_HD1,R_FProj,1,R_Emp,"proMX",R_D1,">="&AA18,R_D1,"<="&AA18+6) -> 0 | AD18: =MIN(CFG_WH,SUMIFS('Octubre 2026'!$L$9:$L$44,'Octubre 2026'!$A$9:$A$44,">="&AA18,'Octubre 2026'!$A$9:$A$44,"<="&AA18+6,'Octubre 2026'!$N$9:$N$44,"D")+SUMIFS('Noviembre 2026'!$L$9:$L$44,'Noviembre 2026'!$A$9:$A$44,">="&AA18,'Noviembre 2026'!$A$9:$A$44,"<="&AA18+6,'Noviembre 2026'!$N$9:$N$44,"D")+SUMIFS('Diciembre 2026'!$L$9:$L$44,'Diciembre 2026'!$A$9:$A$44,">="&AA18,'Diciembre 2026'!$A$9:$A$44,"<="&AA18+6,'Diciembre 2026'!$N$9:$N$44,"D")) -> 32 | AE18: =SUMIFS(R_Hval,R_St,"Approved",R_FProj,1,R_ApD,"<="&AA18+6) -> 6 | AF18: =AB18+AC18 -> 0 | AG18: 28/12
B19: proMX · enviadas, esperando aprobación | F19: proMX · aprobadas | J19: ="Submitted + Recall · Pend. envío: "&FIXED(SUMIFS(R_Hval,R_St,"Draft",R_FAll,1)+SUMIFS(R_Hval,R_St,"Returned",R_FAll,1),2)&" h" -> Submitted + Recall · Pend. envío: 1.50 h | N19: ="% aprobación: "&FIXED(IFERROR(100*SUMIFS(R_Hval,R_St,"Approved",R_FAll,1)/(SUMIFS(R_Hval,R_St,"Approved",R_FAll,1)+SUMIFS(R_Hval,R_St,"Submitted",R_FAll,1)+SUMIFS(R_Hval,R_St,"Returned",R_FAll,1)+SUMIFS(R_Hval,R_St,"Recall Requested",R_FAll,1)),0),1)&"%" -> % aprobación: 66.7%
B21: USD APROBADOS | F21: USD COBRADOS | J21: USD PENDIENTES DE COBRO | N21: REGISTROS A REVISAR
B22: =SUMIFS(R_USD,R_St,"Approved",R_FAll,1) -> 300 | F22: =IF(DB_MON="Todos",SUM(PAY_AMT),SUMIFS(PAY_AMT,PAY_PER,DB_MON)) -> 200 | J22: =SUMIFS(R_USD,R_St,"Approved",R_FMon,1)-IF(DB_MON="Todos",SUM(PAY_AMT),SUMIFS(PAY_AMT,PAY_PER,DB_MON)) -> 100 | N22: =COUNTIFS(R_Used,1,R_Valid,0) -> 0
B24: Horas aprobadas × tarifa | F24: Pagos registrados (no filtra proyecto) | J24: Aprobado − cobrado (todos los proyectos) | N24: Inválidos: excluidos de los totales

Sheet Registro de Horas
B1: 🕒 Registro de Horas
B2: Carga diaria. Una fila por tarea/tramo. Malcolm y proMX son registros independientes: nunca se copian entre empresas.
B3: Leyenda: | C3: Editable | E3: Fórmula (protegida) | G3: Malcolm: precisión al minuto. proMX: inicio, fin y duración en bloques de 30 min. Cruce de medianoche: hora fin menor que hora inicio. | P3: Registros a revisar: | Q3: =COUNTIFS(R_Used,1,R_Valid,0) -> 0 | R3: Horas Malcolm / proMX: | S3: =SUMIFS(R_Hcnt,R_Emp,"Malcolm") -> 6.333333 | T3: =SUMIFS(R_Hcnt,R_Emp,"proMX") -> 10.5
A5: ID | B5: Fecha | C5: Día | D5: Empresa | E5: Proyecto | F5: Task ID | G5: Descripción | H5: Hora inicio | I5: Hora fin | J5: Descanso (min) | K5: Duración real (h) | L5: Horas normales | M5: Horas extras | N5: Bloques proMX | O5: Horas registrables proMX | P5: Validación | Q5: Tipo de día | R5: Estado proMX | S5: Fecha envío | T5: Fecha aprobación | U5: Observaciones | V5: Antigüedad (días) | W5: Alerta | Y5: aux_Used | Z5: aux_sMin | AA5: aux_eMin | AB5: aux_TOK | AC5: aux_Cross | AD5: aux_Gross | AE5: aux_BrkRaw | AF5: aux_Beff | AG5: aux_Net | AH5: aux_WD0 | AI5: aux_WD1 | AJ5: aux_G1 | AK5: aux_N1 | AL5: aux_N2 | AM5: aux_NG | AN5: aux_BN | AO5: aux_BEx | AP5: aux_NormM | AQ5: aux_ExtM | AR5: aux_NormD0 | AS5: aux_ExtD0 | AT5: aux_D1 | AU5: aux_NC | AV5: aux_Dup | AW5: aux_SAbs | AX5: aux_EAbs | AY5: aux_OKey | AZ5: aux_SameOv | BA5: aux_CrossOv | BB5: aux_BlkOK | BC5: aux_Err | BD5: aux_Valid | BE5: aux_Cnt | BF5: aux_St | BG5: aux_Hval | BH5: aux_Hcnt | BI5: aux_NorH | BJ5: aux_ExtH | BK5: aux_HD0 | BL5: aux_HD1 | BM5: aux_ND0 | BN5: aux_ND1 | BO5: aux_XD0 | BP5: aux_XD1 | BQ5: aux_SN | BR5: aux_EN | BS5: aux_XOvH | BT5: aux_USD | BU5: aux_BlkV | BV5: aux_ApD | BW5: aux_FMon | BX5: aux_FProj | BY5: aux_FAll | BZ5: aux_Label | CA5: aux_PSeq | CB5: aux_PSeqM | CC5: aux_PSeqP | CD5: aux_TSeqM | CE5: aux_TSeqP | CF5: aux_PendSeq | CG5: aux_StCode | CH5: aux_Alr
A6: =IF(Y6=1,ROW()-5,"") -> 1 | B6: 46296 | C6: =IF(ISNUMBER(B6),CHOOSE(WEEKDAY(B6,2),"Lun","Mar","Mié","Jue","Vie","Sáb","Dom"),"") -> Jue | D6: proMX | E6: Portal Cliente | F6: PMX-203 | G6: [EJEMPLO] Desarrollo de funcionalidad | H6: 0.375 | I6: 0.54166667 | J6: 0 | K6: =IF(AB6=1,ROUND(AG6/60,4),"") -> 4 | L6: =IF(BD6=1,ROUND(AP6/60,4),"") -> 4 | M6: =IF(BD6=1,ROUND(AQ6/60,4),"") -> 0 | N6: =IF(AND(D6="proMX",AB6=1),ROUND(AG6/CFG_BLK,2),"") -> 8 | O6: =IF(D6="proMX",IF(BD6=1,ROUND(AG6/60,4),0),"") -> 4 | P6: =IF(Y6=0,"",IF(BD6=1,"OK",IF(D6="proMX","Revisar bloques: ","Revisar: ")&BC6)) -> OK | Q6: =IF(NOT(ISNUMBER(B6)),"",IF(COUNTIFS(FER_F,INT(B6))>0,"Feriado"&IF(AH6=1," (laborable)"," (no laborable)"),IF(AH6=1,"Laborable",IF(WEEKDAY(B6,2)>5,"Fin de semana","No laborable")))) -> Laborable | R6: Approved | S6: 46297 | T6: 46300 | U6: EJEMPLO – se puede borrar | V6: =IF(AND(D6="proMX",OR(R6="Submitted",R6="Recall Requested"),ISNUMBER(S6)),CFG_TODAY-INT(S6),"") | W6: =IF(BD6=0,"",IF(BA6>0,"⚠ Se superpone con un registro de la otra empresa",IF(D6="Malcolm",IF(COUNTA(R6,S6,T6)>0,"Estado/fechas proMX se ignoran en Malcolm",""),IF(BF6="Cancelled","Cancelado: excluido de totales",IF(R6="","Sin estado: se trata como Draft",IF(BF6="Submitted",IF(ISNUMBER(V6),IF(V6>CFG_MAXD,"⚠ "&V6&" días en Submitted (máx. "&CFG_MAXD&")",""),"Falta fecha de envío"),IF(BF6="Returned","⚠ Devuelto: corregir y reenviar",IF(BF6="Recall Requested","Retirada solicitada: pendiente",IF(AND(BF6="Approved",NOT(ISNUMBER(T6))),"Falta fecha de aprobación",IF(AND(ISNUMBER(S6),ISNUMBER(T6),T6<S6),"Aprobación anterior al envío",""))))))))) | Y6: =IF(COUNTA(B6,D6,E6,F6,G6,H6,I6,J6,R6,S6,T6)>0,1,0) -> 1 | Z6: =IF(AND(ISNUMBER(H6),H6>=0,H6<1),ROUND(H6*1440,0),"") -> 540 | AA6: =IF(AND(ISNUMBER(I6),I6>=0,I6<1),ROUND(I6*1440,0),"") -> 780 | AB6: =IF(AND(ISNUMBER(B6),D6<>"",ISNUMBER(Z6),ISNUMBER(AA6)),IF(Z6=AA6,0,1),0) -> 1 | AC6: =IF(AB6=1,IF(AA6<Z6,1,0),0) -> 0 | AD6: =IF(AB6=1,IF(AC6=1,1440-Z6+AA6,AA6-Z6),0) -> 240 | AE6: =IF(J6="",0,IF(ISNUMBER(J6),J6,-1)) -> 0 | AF6: =MIN(MAX(0,AE6),AD6) -> 0 | AG6: =MAX(0,AD6-MAX(0,AE6)) -> 240 | AH6: =IF(ISNUMBER(B6),IF(AND(INDEX(CFG_WDAYS,WEEKDAY(INT(B6),2))="Sí",IF(D6="proMX",COUNTIFS(FER_F,INT(B6),FER_NLP,"Sí"),COUNTIFS(FER_F,INT(B6),FER_NLM,"Sí"))=0),1,0),0) -> 1 | AI6: =IF(AC6=1,IF(AND(INDEX(CFG_WDAYS,WEEKDAY(INT(B6)+1,2))="Sí",IF(D6="proMX",COUNTIFS(FER_F,INT(B6)+1,FER_NLP,"Sí"),COUNTIFS(FER_F,INT(B6)+1,FER_NLM,"Sí"))=0),1,0),0) -> 0 | AJ6: =IF(AC6=1,1440-Z6,AD6) -> 240 | AK6: =IF(AND(AB6=1,AH6=1),MAX(0,MIN(IF(AC6=1,1440,AA6),CFG_WEM)-MAX(Z6,CFG_WSM)),0) -> 240 | AL6: =IF(AND(AC6=1,AI6=1),MAX(0,MIN(AA6,CFG_WEM)-CFG_WSM),0) -> 0 | AM6: =AK6+AL6 -> 240 | AN6: =IF(CFG_BRK="Proporcional",IF(AD6=0,0,AF6*AM6/AD6),IF(CFG_BRK="Extras primero",MIN(AM6,MAX(0,AF6-(AD6-AM6))),MIN(AF6,AM6))) -> 0 | AO6: =AF6-AN6 -> 0 | AP6: =AM6-AN6 -> 240 | AQ6: =AD6-AM6-AO6 -> 0 | AR6: =IF(AM6=0,0,AK6-AN6*AK6/AM6) -> 240 | AS6: =IF(AD6-AM6=0,0,(AJ6-AK6)-AO6*(AJ6-AK6)/(AD6-AM6)) -> 0 | AT6: =IF(AC6=1,INT(B6)+1,"") | AU6: =IF(AND(D6="proMX",R6="Cancelled"),0,1) -> 1 | AV6: =IF(AND(AB6=1,AU6=1),IF(COUNTIFS($D$5:D5,D6,$B$5:B5,B6,$Z$5:Z5,Z6,$AA$5:AA5,AA6,$F$5:F5,F6&"",$AU$5:AU5,1)>0,1,0),0) -> 0 | AW6: =IF(AB6=1,INT(B6)*1440+Z6,"") -> 66666780 | AX6: =IF(AB6=1,AW6+AD6,"") -> 66667020 | AY6: =IF(AND(AB6=1,AV6=0,AU6=1),1,0) -> 1 | AZ6: =IF(AY6=1,COUNTIFS(R_Emp,D6,R_SAbs,"<"&AX6,R_EAbs,">"&AW6,R_OKey,1)-1,0) -> 0 | BA6: =IF(AY6=1,COUNTIFS(R_Emp,"<>"&D6,R_SAbs,"<"&AX6,R_EAbs,">"&AW6,R_OKey,1),0) -> 0 | BB6: =IF(AND(AB6=1,D6="proMX"),IF(AND(MOD(Z6,CFG_BLK)=0,MOD(AA6,CFG_BLK)=0,MOD(AG6,CFG_BLK)=0,AG6>0),1,0),1) -> 1 | BC6: =IF(Y6=0,"",IF(NOT(ISNUMBER(B6)),"Falta fecha o fecha inválida",IF(D6="","Falta empresa",IF(AND(D6<>"Malcolm",D6<>"proMX"),"Empresa inválida",IF(OR(INT(B6)<CFG_PSTART,INT(B6)>CFG_PEND),"Fecha fuera del período",IF(OR(NOT(ISNUMBER(Z6)),NOT(ISNUMBER(AA6))),"Falta hora inicio/fin o formato inválido",IF(AB6=0,"Hora inicio = hora fin",IF(AE6<0,"Descanso inválido",IF(AE6>=AD6,"Descanso ≥ duración",IF(AV6=1,"Registro duplicado",IF(AZ6>0,"Se superpone con otro registro "&D6,IF(BB6=0,"inicio, fin y duración neta deben ser múltiplos de "&CFG_BLK&" min","")))))))))))) | BD6: =IF(AND(Y6=1,BC6=""),1,0) -> 1 | BE6: =IF(AND(BD6=1,AU6=1),1,0) -> 1 | BF6: =IF(AND(D6="proMX",BD6=1),IF(R6="","Draft",R6),"") -> Approved | BG6: =IF(BD6=1,ROUND(AG6/60,6),0) -> 4 | BH6: =IF(BE6=1,ROUND(AG6/60,6),0) -> 4 | BI6: =IF(BE6=1,ROUND(AP6/60,6),0) -> 4 | BJ6: =IF(BE6=1,ROUND(AQ6/60,6),0) -> 0 | BK6: =IF(BE6=1,ROUND((AR6+AS6)/60,6),0) -> 4 | BL6: =ROUND(BH6-BK6,6) -> 0 | BM6: =IF(BE6=1,ROUND(AR6/60,6),0) -> 4 | BN6: =ROUND(BI6-BM6,6) -> 0 | BO6: =IF(BE6=1,ROUND(AS6/60,6),0) -> 0 | BP6: =ROUND(BJ6-BO6,6) -> 0 | BQ6: =IF(BE6=1,AW6,0) -> 66666780 | BR6: =IF(BE6=1,AX6,0) -> 66667020 | BS6: =IF(AND(BE6=1,D6="Malcolm",BA6>0),MIN(BH6,SUMPRODUCT((R_Emp="proMX")*(R_EN>0)*((R_EN-(R_EN>BR6)*(R_EN-BR6))>(R_SN+(R_SN<BQ6)*(BQ6-R_SN)))*((R_EN-(R_EN>BR6)*(R_EN-BR6))-(R_SN+(R_SN<BQ6)*(BQ6-R_SN))))/60),0) -> 0 | BT6: =IF(AND(BE6=1,D6="proMX"),ROUND(BI6*CFG_RATE+BJ6*CFG_OTRATE,6),0) -> 200 | BU6: =IF(AND(BD6=1,D6="proMX"),ROUND(AG6/CFG_BLK,6),0) -> 8 | BV6: =IF(BF6="Approved",IF(ISNUMBER(T6),INT(T6),INT(B6)),"") -> 46300 | BW6: =IF(ISNUMBER(B6),IF(DB_MON="Todos",1,IF(AND(INT(B6)>=DB_MS,INT(B6)<=DB_ME),1,0)),0) -> 1 | BX6: =IF(DB_PROJ="Todos",1,IF(E6&""=DB_PROJ&"",1,0)) -> 1 | BY6: =BW6*BX6 -> 1 | BZ6: =IF(Y6=1,F6&IF(AND(F6&""<>"",E6&""<>"")," · ","")&E6,"") -> PMX-203 · Portal Cliente | CA6: =IF(AND(BD6=1,E6&""<>""),IF(COUNTIFS($E$5:E5,E6,$BD$5:BD5,1)=0,MAX($CA$5:CA5)+1,""),"") -> 1 | CB6: =IF(AND(BE6=1,D6="Malcolm",E6&""<>""),IF(COUNTIFS($D$5:D5,"Malcolm",$E$5:E5,E6,$BE$5:BE5,1)=0,MAX($CB$5:CB5)+1,""),"") | CC6: =IF(AND(BD6=1,D6="proMX",E6&""<>""),IF(COUNTIFS($D$5:D5,"proMX",$E$5:E5,E6,$BD$5:BD5,1)=0,MAX($CC$5:CC5)+1,""),"") -> 1 | CD6: =IF(AND(BE6=1,D6="Malcolm",F6&""<>""),IF(COUNTIFS($D$5:D5,"Malcolm",$F$5:F5,F6,$BE$5:BE5,1)=0,MAX($CD$5:CD5)+1,""),"") | CE6: =IF(AND(BD6=1,D6="proMX",F6&""<>""),IF(COUNTIFS($D$5:D5,"proMX",$F$5:F5,F6,$BD$5:BD5,1)=0,MAX($CE$5:CE5)+1,""),"") -> 1 | CF6: =IF(AND(D6="proMX",BD6=1),IF(OR(BF6="Draft",BF6="Submitted",BF6="Returned",BF6="Recall Requested"),MAX($CF$5:CF5)+1,""),"") | CG6: =IF(BD6=0,0,IF(D6="Malcolm",1,MATCH(BF6,{"Draft","Submitted","Approved","Returned","Recall Requested","Cancelled"},0)+1)) -> 4 | CH6: =IF(AND(BF6="Submitted",ISNUMBER(V6)),IF(V6>CFG_MAXD,1,0),0) -> 0
A7: =IF(Y7=1,ROW()-5,"") -> 2 | B7: 46296 | C7: =IF(ISNUMBER(B7),CHOOSE(WEEKDAY(B7,2),"Lun","Mar","Mié","Jue","Vie","Sáb","Dom"),"") -> Jue | D7: proMX | E7: Portal Cliente | F7: PMX-204 | G7: [EJEMPLO] Testing | H7: 0.58333333 | I7: 0.66666667 | J7: 0 | K7: =IF(AB7=1,ROUND(AG7/60,4),"") -> 2 | L7: =IF(BD7=1,ROUND(AP7/60,4),"") -> 2 | M7: =IF(BD7=1,ROUND(AQ7/60,4),"") -> 0 | N7: =IF(AND(D7="proMX",AB7=1),ROUND(AG7/CFG_BLK,2),"") -> 4 | O7: =IF(D7="proMX",IF(BD7=1,ROUND(AG7/60,4),0),"") -> 2 | P7: =IF(Y7=0,"",IF(BD7=1,"OK",IF(D7="proMX","Revisar bloques: ","Revisar: ")&BC7)) -> OK | Q7: =IF(NOT(ISNUMBER(B7)),"",IF(COUNTIFS(FER_F,INT(B7))>0,"Feriado"&IF(AH7=1," (laborable)"," (no laborable)"),IF(AH7=1,"Laborable",IF(WEEKDAY(B7,2)>5,"Fin de semana","No laborable")))) -> Laborable | R7: Approved | S7: 46297 | T7: 46300 | U7: EJEMPLO – se puede borrar | V7: =IF(AND(D7="proMX",OR(R7="Submitted",R7="Recall Requested"),ISNUMBER(S7)),CFG_TODAY-INT(S7),"") | W7: =IF(BD7=0,"",IF(BA7>0,"⚠ Se superpone con un registro de la otra empresa",IF(D7="Malcolm",IF(COUNTA(R7,S7,T7)>0,"Estado/fechas proMX se ignoran en Malcolm",""),IF(BF7="Cancelled","Cancelado: excluido de totales",IF(R7="","Sin estado: se trata como Draft",IF(BF7="Submitted",IF(ISNUMBER(V7),IF(V7>CFG_MAXD,"⚠ "&V7&" días en Submitted (máx. "&CFG_MAXD&")",""),"Falta fecha de envío"),IF(BF7="Returned","⚠ Devuelto: corregir y reenviar",IF(BF7="Recall Requested","Retirada solicitada: pendiente",IF(AND(BF7="Approved",NOT(ISNUMBER(T7))),"Falta fecha de aprobación",IF(AND(ISNUMBER(S7),ISNUMBER(T7),T7<S7),"Aprobación anterior al envío",""))))))))) | Y7: =IF(COUNTA(B7,D7,E7,F7,G7,H7,I7,J7,R7,S7,T7)>0,1,0) -> 1 | Z7: =IF(AND(ISNUMBER(H7),H7>=0,H7<1),ROUND(H7*1440,0),"") -> 840 | AA7: =IF(AND(ISNUMBER(I7),I7>=0,I7<1),ROUND(I7*1440,0),"") -> 960 | AB7: =IF(AND(ISNUMBER(B7),D7<>"",ISNUMBER(Z7),ISNUMBER(AA7)),IF(Z7=AA7,0,1),0) -> 1 | AC7: =IF(AB7=1,IF(AA7<Z7,1,0),0) -> 0 | AD7: =IF(AB7=1,IF(AC7=1,1440-Z7+AA7,AA7-Z7),0) -> 120 | AE7: =IF(J7="",0,IF(ISNUMBER(J7),J7,-1)) -> 0 | AF7: =MIN(MAX(0,AE7),AD7) -> 0 | AG7: =MAX(0,AD7-MAX(0,AE7)) -> 120 | AH7: =IF(ISNUMBER(B7),IF(AND(INDEX(CFG_WDAYS,WEEKDAY(INT(B7),2))="Sí",IF(D7="proMX",COUNTIFS(FER_F,INT(B7),FER_NLP,"Sí"),COUNTIFS(FER_F,INT(B7),FER_NLM,"Sí"))=0),1,0),0) -> 1 | AI7: =IF(AC7=1,IF(AND(INDEX(CFG_WDAYS,WEEKDAY(INT(B7)+1,2))="Sí",IF(D7="proMX",COUNTIFS(FER_F,INT(B7)+1,FER_NLP,"Sí"),COUNTIFS(FER_F,INT(B7)+1,FER_NLM,"Sí"))=0),1,0),0) -> 0 | AJ7: =IF(AC7=1,1440-Z7,AD7) -> 120 | AK7: =IF(AND(AB7=1,AH7=1),MAX(0,MIN(IF(AC7=1,1440,AA7),CFG_WEM)-MAX(Z7,CFG_WSM)),0) -> 120 | AL7: =IF(AND(AC7=1,AI7=1),MAX(0,MIN(AA7,CFG_WEM)-CFG_WSM),0) -> 0 | AM7: =AK7+AL7 -> 120 | AN7: =IF(CFG_BRK="Proporcional",IF(AD7=0,0,AF7*AM7/AD7),IF(CFG_BRK="Extras primero",MIN(AM7,MAX(0,AF7-(AD7-AM7))),MIN(AF7,AM7))) -> 0 | AO7: =AF7-AN7 -> 0 | AP7: =AM7-AN7 -> 120 | AQ7: =AD7-AM7-AO7 -> 0 | AR7: =IF(AM7=0,0,AK7-AN7*AK7/AM7) -> 120 | AS7: =IF(AD7-AM7=0,0,(AJ7-AK7)-AO7*(AJ7-AK7)/(AD7-AM7)) -> 0 | AT7: =IF(AC7=1,INT(B7)+1,"") | AU7: =IF(AND(D7="proMX",R7="Cancelled"),0,1) -> 1 | AV7: =IF(AND(AB7=1,AU7=1),IF(COUNTIFS($D$5:D6,D7,$B$5:B6,B7,$Z$5:Z6,Z7,$AA$5:AA6,AA7,$F$5:F6,F7&"",$AU$5:AU6,1)>0,1,0),0) -> 0 | AW7: =IF(AB7=1,INT(B7)*1440+Z7,"") -> 66667080 | AX7: =IF(AB7=1,AW7+AD7,"") -> 66667200 | AY7: =IF(AND(AB7=1,AV7=0,AU7=1),1,0) -> 1 | AZ7: =IF(AY7=1,COUNTIFS(R_Emp,D7,R_SAbs,"<"&AX7,R_EAbs,">"&AW7,R_OKey,1)-1,0) -> 0 | BA7: =IF(AY7=1,COUNTIFS(R_Emp,"<>"&D7,R_SAbs,"<"&AX7,R_EAbs,">"&AW7,R_OKey,1),0) -> 0 | BB7: =IF(AND(AB7=1,D7="proMX"),IF(AND(MOD(Z7,CFG_BLK)=0,MOD(AA7,CFG_BLK)=0,MOD(AG7,CFG_BLK)=0,AG7>0),1,0),1) -> 1 | BC7: =IF(Y7=0,"",IF(NOT(ISNUMBER(B7)),"Falta fecha o fecha inválida",IF(D7="","Falta empresa",IF(AND(D7<>"Malcolm",D7<>"proMX"),"Empresa inválida",IF(OR(INT(B7)<CFG_PSTART,INT(B7)>CFG_PEND),"Fecha fuera del período",IF(OR(NOT(ISNUMBER(Z7)),NOT(ISNUMBER(AA7))),"Falta hora inicio/fin o formato inválido",IF(AB7=0,"Hora inicio = hora fin",IF(AE7<0,"Descanso inválido",IF(AE7>=AD7,"Descanso ≥ duración",IF(AV7=1,"Registro duplicado",IF(AZ7>0,"Se superpone con otro registro "&D7,IF(BB7=0,"inicio, fin y duración neta deben ser múltiplos de "&CFG_BLK&" min","")))))))))))) | BD7: =IF(AND(Y7=1,BC7=""),1,0) -> 1 | BE7: =IF(AND(BD7=1,AU7=1),1,0) -> 1 | BF7: =IF(AND(D7="proMX",BD7=1),IF(R7="","Draft",R7),"") -> Approved | BG7: =IF(BD7=1,ROUND(AG7/60,6),0) -> 2 | BH7: =IF(BE7=1,ROUND(AG7/60,6),0) -> 2 | BI7: =IF(BE7=1,ROUND(AP7/60,6),0) -> 2 | BJ7: =IF(BE7=1,ROUND(AQ7/60,6),0) -> 0 | BK7: =IF(BE7=1,ROUND((AR7+AS7)/60,6),0) -> 2 | BL7: =ROUND(BH7-BK7,6) -> 0 | BM7: =IF(BE7=1,ROUND(AR7/60,6),0) -> 2 | BN7: =ROUND(BI7-BM7,6) -> 0 | BO7: =IF(BE7=1,ROUND(AS7/60,6),0) -> 0 | BP7: =ROUND(BJ7-BO7,6) -> 0 | BQ7: =IF(BE7=1,AW7,0) -> 66667080 | BR7: =IF(BE7=1,AX7,0) -> 66667200 | BS7: =IF(AND(BE7=1,D7="Malcolm",BA7>0),MIN(BH7,SUMPRODUCT((R_Emp="proMX")*(R_EN>0)*((R_EN-(R_EN>BR7)*(R_EN-BR7))>(R_SN+(R_SN<BQ7)*(BQ7-R_SN)))*((R_EN-(R_EN>BR7)*(R_EN-BR7))-(R_SN+(R_SN<BQ7)*(BQ7-R_SN))))/60),0) -> 0 | BT7: =IF(AND(BE7=1,D7="proMX"),ROUND(BI7*CFG_RATE+BJ7*CFG_OTRATE,6),0) -> 100 | BU7: =IF(AND(BD7=1,D7="proMX"),ROUND(AG7/CFG_BLK,6),0) -> 4 | BV7: =IF(BF7="Approved",IF(ISNUMBER(T7),INT(T7),INT(B7)),"") -> 46300 | BW7: =IF(ISNUMBER(B7),IF(DB_MON="Todos",1,IF(AND(INT(B7)>=DB_MS,INT(B7)<=DB_ME),1,0)),0) -> 1 | BX7: =IF(DB_PROJ="Todos",1,IF(E7&""=DB_PROJ&"",1,0)) -> 1 | BY7: =BW7*BX7 -> 1 | BZ7: =IF(Y7=1,F7&IF(AND(F7&""<>"",E7&""<>"")," · ","")&E7,"") -> PMX-204 · Portal Cliente | CA7: =IF(AND(BD7=1,E7&""<>""),IF(COUNTIFS($E$5:E6,E7,$BD$5:BD6,1)=0,MAX($CA$5:CA6)+1,""),"") | CB7: =IF(AND(BE7=1,D7="Malcolm",E7&""<>""),IF(COUNTIFS($D$5:D6,"Malcolm",$E$5:E6,E7,$BE$5:BE6,1)=0,MAX($CB$5:CB6)+1,""),"") | CC7: =IF(AND(BD7=1,D7="proMX",E7&""<>""),IF(COUNTIFS($D$5:D6,"proMX",$E$5:E6,E7,$BD$5:BD6,1)=0,MAX($CC$5:CC6)+1,""),"") | CD7: =IF(AND(BE7=1,D7="Malcolm",F7&""<>""),IF(COUNTIFS($D$5:D6,"Malcolm",$F$5:F6,F7,$BE$5:BE6,1)=0,MAX($CD$5:CD6)+1,""),"") | CE7: =IF(AND(BD7=1,D7="proMX",F7&""<>""),IF(COUNTIFS($D$5:D6,"proMX",$F$5:F6,F7,$BD$5:BD6,1)=0,MAX($CE$5:CE6)+1,""),"") -> 2 | CF7: =IF(AND(D7="proMX",BD7=1),IF(OR(BF7="Draft",BF7="Submitted",BF7="Returned",BF7="Recall Requested"),MAX($CF$5:CF6)+1,""),"") | CG7: =IF(BD7=0,0,IF(D7="Malcolm",1,MATCH(BF7,{"Draft","Submitted","Approved","Returned","Recall Requested","Cancelled"},0)+1)) -> 4 | CH7: =IF(AND(BF7="Submitted",ISNUMBER(V7)),IF(V7>CFG_MAXD,1,0),0) -> 0
A8: =IF(Y8=1,ROW()-5,"") -> 3 | B8: 46297 | C8: =IF(ISNUMBER(B8),CHOOSE(WEEKDAY(B8,2),"Lun","Mar","Mié","Jue","Vie","Sáb","Dom"),"") -> Vie | D8: proMX | E8: Portal Cliente | F8: PMX-202 | G8: [EJEMPLO] Implementación | H8: 0.375 | I8: 0.5 | J8: 0 | K8: =IF(AB8=1,ROUND(AG8/60,4),"") -> 3 | L8: =IF(BD8=1,ROUND(AP8/60,4),"") -> 3 | M8: =IF(BD8=1,ROUND(AQ8/60,4),"") -> 0 | N8: =IF(AND(D8="proMX",AB8=1),ROUND(AG8/CFG_BLK,2),"") -> 6 | O8: =IF(D8="proMX",IF(BD8=1,ROUND(AG8/60,4),0),"") -> 3 | P8: =IF(Y8=0,"",IF(BD8=1,"OK",IF(D8="proMX","Revisar bloques: ","Revisar: ")&BC8)) -> OK | Q8: =IF(NOT(ISNUMBER(B8)),"",IF(COUNTIFS(FER_F,INT(B8))>0,"Feriado"&IF(AH8=1," (laborable)"," (no laborable)"),IF(AH8=1,"Laborable",IF(WEEKDAY(B8,2)>5,"Fin de semana","No laborable")))) -> Laborable | R8: Submitted | S8: 46297 | U8: EJEMPLO – se puede borrar | V8: =IF(AND(D8="proMX",OR(R8="Submitted",R8="Recall Requested"),ISNUMBER(S8)),CFG_TODAY-INT(S8),"") -> 11 | W8: =IF(BD8=0,"",IF(BA8>0,"⚠ Se superpone con un registro de la otra empresa",IF(D8="Malcolm",IF(COUNTA(R8,S8,T8)>0,"Estado/fechas proMX se ignoran en Malcolm",""),IF(BF8="Cancelled","Cancelado: excluido de totales",IF(R8="","Sin estado: se trata como Draft",IF(BF8="Submitted",IF(ISNUMBER(V8),IF(V8>CFG_MAXD,"⚠ "&V8&" días en Submitted (máx. "&CFG_MAXD&")",""),"Falta fecha de envío"),IF(BF8="Returned","⚠ Devuelto: corregir y reenviar",IF(BF8="Recall Requested","Retirada solicitada: pendiente",IF(AND(BF8="Approved",NOT(ISNUMBER(T8))),"Falta fecha de aprobación",IF(AND(ISNUMBER(S8),ISNUMBER(T8),T8<S8),"Aprobación anterior al envío",""))))))))) -> ⚠ 11 días en Submitted (máx. 7) | Y8: =IF(COUNTA(B8,D8,E8,F8,G8,H8,I8,J8,R8,S8,T8)>0,1,0) -> 1 | Z8: =IF(AND(ISNUMBER(H8),H8>=0,H8<1),ROUND(H8*1440,0),"") -> 540 | AA8: =IF(AND(ISNUMBER(I8),I8>=0,I8<1),ROUND(I8*1440,0),"") -> 720 | AB8: =IF(AND(ISNUMBER(B8),D8<>"",ISNUMBER(Z8),ISNUMBER(AA8)),IF(Z8=AA8,0,1),0) -> 1 | AC8: =IF(AB8=1,IF(AA8<Z8,1,0),0) -> 0 | AD8: =IF(AB8=1,IF(AC8=1,1440-Z8+AA8,AA8-Z8),0) -> 180 | AE8: =IF(J8="",0,IF(ISNUMBER(J8),J8,-1)) -> 0 | AF8: =MIN(MAX(0,AE8),AD8) -> 0 | AG8: =MAX(0,AD8-MAX(0,AE8)) -> 180 | AH8: =IF(ISNUMBER(B8),IF(AND(INDEX(CFG_WDAYS,WEEKDAY(INT(B8),2))="Sí",IF(D8="proMX",COUNTIFS(FER_F,INT(B8),FER_NLP,"Sí"),COUNTIFS(FER_F,INT(B8),FER_NLM,"Sí"))=0),1,0),0) -> 1 | AI8: =IF(AC8=1,IF(AND(INDEX(CFG_WDAYS,WEEKDAY(INT(B8)+1,2))="Sí",IF(D8="proMX",COUNTIFS(FER_F,INT(B8)+1,FER_NLP,"Sí"),COUNTIFS(FER_F,INT(B8)+1,FER_NLM,"Sí"))=0),1,0),0) -> 0 | AJ8: =IF(AC8=1,1440-Z8,AD8) -> 180 | AK8: =IF(AND(AB8=1,AH8=1),MAX(0,MIN(IF(AC8=1,1440,AA8),CFG_WEM)-MAX(Z8,CFG_WSM)),0) -> 180 | AL8: =IF(AND(AC8=1,AI8=1),MAX(0,MIN(AA8,CFG_WEM)-CFG_WSM),0) -> 0 | AM8: =AK8+AL8 -> 180 | AN8: =IF(CFG_BRK="Proporcional",IF(AD8=0,0,AF8*AM8/AD8),IF(CFG_BRK="Extras primero",MIN(AM8,MAX(0,AF8-(AD8-AM8))),MIN(AF8,AM8))) -> 0 | AO8: =AF8-AN8 -> 0 | AP8: =AM8-AN8 -> 180 | AQ8: =AD8-AM8-AO8 -> 0 | AR8: =IF(AM8=0,0,AK8-AN8*AK8/AM8) -> 180 | AS8: =IF(AD8-AM8=0,0,(AJ8-AK8)-AO8*(AJ8-AK8)/(AD8-AM8)) -> 0 | AT8: =IF(AC8=1,INT(B8)+1,"") | AU8: =IF(AND(D8="proMX",R8="Cancelled"),0,1) -> 1 | AV8: =IF(AND(AB8=1,AU8=1),IF(COUNTIFS($D$5:D7,D8,$B$5:B7,B8,$Z$5:Z7,Z8,$AA$5:AA7,AA8,$F$5:F7,F8&"",$AU$5:AU7,1)>0,1,0),0) -> 0 | AW8: =IF(AB8=1,INT(B8)*1440+Z8,"") -> 66668220 | AX8: =IF(AB8=1,AW8+AD8,"") -> 66668400 | AY8: =IF(AND(AB8=1,AV8=0,AU8=1),1,0) -> 1 | AZ8: =IF(AY8=1,COUNTIFS(R_Emp,D8,R_SAbs,"<"&AX8,R_EAbs,">"&AW8,R_OKey,1)-1,0) -> 0 | BA8: =IF(AY8=1,COUNTIFS(R_Emp,"<>"&D8,R_SAbs,"<"&AX8,R_EAbs,">"&AW8,R_OKey,1),0) -> 0 | BB8: =IF(AND(AB8=1,D8="proMX"),IF(AND(MOD(Z8,CFG_BLK)=0,MOD(AA8,CFG_BLK)=0,MOD(AG8,CFG_BLK)=0,AG8>0),1,0),1) -> 1 | BC8: =IF(Y8=0,"",IF(NOT(ISNUMBER(B8)),"Falta fecha o fecha inválida",IF(D8="","Falta empresa",IF(AND(D8<>"Malcolm",D8<>"proMX"),"Empresa inválida",IF(OR(INT(B8)<CFG_PSTART,INT(B8)>CFG_PEND),"Fecha fuera del período",IF(OR(NOT(ISNUMBER(Z8)),NOT(ISNUMBER(AA8))),"Falta hora inicio/fin o formato inválido",IF(AB8=0,"Hora inicio = hora fin",IF(AE8<0,"Descanso inválido",IF(AE8>=AD8,"Descanso ≥ duración",IF(AV8=1,"Registro duplicado",IF(AZ8>0,"Se superpone con otro registro "&D8,IF(BB8=0,"inicio, fin y duración neta deben ser múltiplos de "&CFG_BLK&" min","")))))))))))) | BD8: =IF(AND(Y8=1,BC8=""),1,0) -> 1 | BE8: =IF(AND(BD8=1,AU8=1),1,0) -> 1 | BF8: =IF(AND(D8="proMX",BD8=1),IF(R8="","Draft",R8),"") -> Submitted | BG8: =IF(BD8=1,ROUND(AG8/60,6),0) -> 3 | BH8: =IF(BE8=1,ROUND(AG8/60,6),0) -> 3 | BI8: =IF(BE8=1,ROUND(AP8/60,6),0) -> 3 | BJ8: =IF(BE8=1,ROUND(AQ8/60,6),0) -> 0 | BK8: =IF(BE8=1,ROUND((AR8+AS8)/60,6),0) -> 3 | BL8: =ROUND(BH8-BK8,6) -> 0 | BM8: =IF(BE8=1,ROUND(AR8/60,6),0) -> 3 | BN8: =ROUND(BI8-BM8,6) -> 0 | BO8: =IF(BE8=1,ROUND(AS8/60,6),0) -> 0 | BP8: =ROUND(BJ8-BO8,6) -> 0 | BQ8: =IF(BE8=1,AW8,0) -> 66668220 | BR8: =IF(BE8=1,AX8,0) -> 66668400 | BS8: =IF(AND(BE8=1,D8="Malcolm",BA8>0),MIN(BH8,SUMPRODUCT((R_Emp="proMX")*(R_EN>0)*((R_EN-(R_EN>BR8)*(R_EN-BR8))>(R_SN+(R_SN<BQ8)*(BQ8-R_SN)))*((R_EN-(R_EN>BR8)*(R_EN-BR8))-(R_SN+(R_SN<BQ8)*(BQ8-R_SN))))/60),0) -> 0 | BT8: =IF(AND(BE8=1,D8="proMX"),ROUND(BI8*CFG_RATE+BJ8*CFG_OTRATE,6),0) -> 150 | BU8: =IF(AND(BD8=1,D8="proMX"),ROUND(AG8/CFG_BLK,6),0) -> 6 | BV8: =IF(BF8="Approved",IF(ISNUMBER(T8),INT(T8),INT(B8)),"") | BW8: =IF(ISNUMBER(B8),IF(DB_MON="Todos",1,IF(AND(INT(B8)>=DB_MS,INT(B8)<=DB_ME),1,0)),0) -> 1 | BX8: =IF(DB_PROJ="Todos",1,IF(E8&""=DB_PROJ&"",1,0)) -> 1 | BY8: =BW8*BX8 -> 1 | BZ8: =IF(Y8=1,F8&IF(AND(F8&""<>"",E8&""<>"")," · ","")&E8,"") -> PMX-202 · Portal Cliente | CA8: =IF(AND(BD8=1,E8&""<>""),IF(COUNTIFS($E$5:E7,E8,$BD$5:BD7,1)=0,MAX($CA$5:CA7)+1,""),"") | CB8: =IF(AND(BE8=1,D8="Malcolm",E8&""<>""),IF(COUNTIFS($D$5:D7,"Malcolm",$E$5:E7,E8,$BE$5:BE7,1)=0,MAX($CB$5:CB7)+1,""),"") | CC8: =IF(AND(BD8=1,D8="proMX",E8&""<>""),IF(COUNTIFS($D$5:D7,"proMX",$E$5:E7,E8,$BD$5:BD7,1)=0,MAX($CC$5:CC7)+1,""),"") | CD8: =IF(AND(BE8=1,D8="Malcolm",F8&""<>""),IF(COUNTIFS($D$5:D7,"Malcolm",$F$5:F7,F8,$BE$5:BE7,1)=0,MAX($CD$5:CD7)+1,""),"") | CE8: =IF(AND(BD8=1,D8="proMX",F8&""<>""),IF(COUNTIFS($D$5:D7,"proMX",$F$5:F7,F8,$BD$5:BD7,1)=0,MAX($CE$5:CE7)+1,""),"") -> 3 | CF8: =IF(AND(D8="proMX",BD8=1),IF(OR(BF8="Draft",BF8="Submitted",BF8="Returned",BF8="Recall Requested"),MAX($CF$5:CF7)+1,""),"") -> 1 | CG8: =IF(BD8=0,0,IF(D8="Malcolm",1,MATCH(BF8,{"Draft","Submitted","Approved","Returned","Recall Requested","Cancelled"},0)+1)) -> 3 | CH8: =IF(AND(BF8="Submitted",ISNUMBER(V8)),IF(V8>CFG_MAXD,1,0),0) -> 1
A9: =IF(Y9=1,ROW()-5,"") -> 4 | B9: 46300 | C9: =IF(ISNUMBER(B9),CHOOSE(WEEKDAY(B9,2),"Lun","Mar","Mié","Jue","Vie","Sáb","Dom"),"") -> Lun | D9: Malcolm | E9: PCF | F9: PCF-101 | G9: [EJEMPLO] Desarrollo PCF | H9: 0.375 | I9: 0.5 | J9: 0 | K9: =IF(AB9=1,ROUND(AG9/60,4),"") -> 3 | L9: =IF(BD9=1,ROUND(AP9/60,4),"") -> 3 | M9: =IF(BD9=1,ROUND(AQ9/60,4),"") -> 0 | N9: =IF(AND(D9="proMX",AB9=1),ROUND(AG9/CFG_BLK,2),"") | O9: =IF(D9="proMX",IF(BD9=1,ROUND(AG9/60,4),0),"") | P9: =IF(Y9=0,"",IF(BD9=1,"OK",IF(D9="proMX","Revisar bloques: ","Revisar: ")&BC9)) -> OK | Q9: =IF(NOT(ISNUMBER(B9)),"",IF(COUNTIFS(FER_F,INT(B9))>0,"Feriado"&IF(AH9=1," (laborable)"," (no laborable)"),IF(AH9=1,"Laborable",IF(WEEKDAY(B9,2)>5,"Fin de semana","No laborable")))) -> Laborable | U9: EJEMPLO – se puede borrar | V9: =IF(AND(D9="proMX",OR(R9="Submitted",R9="Recall Requested"),ISNUMBER(S9)),CFG_TODAY-INT(S9),"") | W9: =IF(BD9=0,"",IF(BA9>0,"⚠ Se superpone con un registro de la otra empresa",IF(D9="Malcolm",IF(COUNTA(R9,S9,T9)>0,"Estado/fechas proMX se ignoran en Malcolm",""),IF(BF9="Cancelled","Cancelado: excluido de totales",IF(R9="","Sin estado: se trata como Draft",IF(BF9="Submitted",IF(ISNUMBER(V9),IF(V9>CFG_MAXD,"⚠ "&V9&" días en Submitted (máx. "&CFG_MAXD&")",""),"Falta fecha de envío"),IF(BF9="Returned","⚠ Devuelto: corregir y reenviar",IF(BF9="Recall Requested","Retirada solicitada: pendiente",IF(AND(BF9="Approved",NOT(ISNUMBER(T9))),"Falta fecha de aprobación",IF(AND(ISNUMBER(S9),ISNUMBER(T9),T9<S9),"Aprobación anterior al envío",""))))))))) | Y9: =IF(COUNTA(B9,D9,E9,F9,G9,H9,I9,J9,R9,S9,T9)>0,1,0) -> 1 | Z9: =IF(AND(ISNUMBER(H9),H9>=0,H9<1),ROUND(H9*1440,0),"") -> 540 | AA9: =IF(AND(ISNUMBER(I9),I9>=0,I9<1),ROUND(I9*1440,0),"") -> 720 | AB9: =IF(AND(ISNUMBER(B9),D9<>"",ISNUMBER(Z9),ISNUMBER(AA9)),IF(Z9=AA9,0,1),0) -> 1 | AC9: =IF(AB9=1,IF(AA9<Z9,1,0),0) -> 0 | AD9: =IF(AB9=1,IF(AC9=1,1440-Z9+AA9,AA9-Z9),0) -> 180 | AE9: =IF(J9="",0,IF(ISNUMBER(J9),J9,-1)) -> 0 | AF9: =MIN(MAX(0,AE9),AD9) -> 0 | AG9: =MAX(0,AD9-MAX(0,AE9)) -> 180 | AH9: =IF(ISNUMBER(B9),IF(AND(INDEX(CFG_WDAYS,WEEKDAY(INT(B9),2))="Sí",IF(D9="proMX",COUNTIFS(FER_F,INT(B9),FER_NLP,"Sí"),COUNTIFS(FER_F,INT(B9),FER_NLM,"Sí"))=0),1,0),0) -> 1 | AI9: =IF(AC9=1,IF(AND(INDEX(CFG_WDAYS,WEEKDAY(INT(B9)+1,2))="Sí",IF(D9="proMX",COUNTIFS(FER_F,INT(B9)+1,FER_NLP,"Sí"),COUNTIFS(FER_F,INT(B9)+1,FER_NLM,"Sí"))=0),1,0),0) -> 0 | AJ9: =IF(AC9=1,1440-Z9,AD9) -> 180 | AK9: =IF(AND(AB9=1,AH9=1),MAX(0,MIN(IF(AC9=1,1440,AA9),CFG_WEM)-MAX(Z9,CFG_WSM)),0) -> 180 | AL9: =IF(AND(AC9=1,AI9=1),MAX(0,MIN(AA9,CFG_WEM)-CFG_WSM),0) -> 0 | AM9: =AK9+AL9 -> 180 | AN9: =IF(CFG_BRK="Proporcional",IF(AD9=0,0,AF9*AM9/AD9),IF(CFG_BRK="Extras primero",MIN(AM9,MAX(0,AF9-(AD9-AM9))),MIN(AF9,AM9))) -> 0 | AO9: =AF9-AN9 -> 0 | AP9: =AM9-AN9 -> 180 | AQ9: =AD9-AM9-AO9 -> 0 | AR9: =IF(AM9=0,0,AK9-AN9*AK9/AM9) -> 180 | AS9: =IF(AD9-AM9=0,0,(AJ9-AK9)-AO9*(AJ9-AK9)/(AD9-AM9)) -> 0 | AT9: =IF(AC9=1,INT(B9)+1,"") | AU9: =IF(AND(D9="proMX",R9="Cancelled"),0,1) -> 1 | AV9: =IF(AND(AB9=1,AU9=1),IF(COUNTIFS($D$5:D8,D9,$B$5:B8,B9,$Z$5:Z8,Z9,$AA$5:AA8,AA9,$F$5:F8,F9&"",$AU$5:AU8,1)>0,1,0),0) -> 0 | AW9: =IF(AB9=1,INT(B9)*1440+Z9,"") -> 66672540 | AX9: =IF(AB9=1,AW9+AD9,"") -> 66672720 | AY9: =IF(AND(AB9=1,AV9=0,AU9=1),1,0) -> 1 | AZ9: =IF(AY9=1,COUNTIFS(R_Emp,D9,R_SAbs,"<"&AX9,R_EAbs,">"&AW9,R_OKey,1)-1,0) -> 0 | BA9: =IF(AY9=1,COUNTIFS(R_Emp,"<>"&D9,R_SAbs,"<"&AX9,R_EAbs,">"&AW9,R_OKey,1),0) -> 0 | BB9: =IF(AND(AB9=1,D9="proMX"),IF(AND(MOD(Z9,CFG_BLK)=0,MOD(AA9,CFG_BLK)=0,MOD(AG9,CFG_BLK)=0,AG9>0),1,0),1) -> 1 | BC9: =IF(Y9=0,"",IF(NOT(ISNUMBER(B9)),"Falta fecha o fecha inválida",IF(D9="","Falta empresa",IF(AND(D9<>"Malcolm",D9<>"proMX"),"Empresa inválida",IF(OR(INT(B9)<CFG_PSTART,INT(B9)>CFG_PEND),"Fecha fuera del período",IF(OR(NOT(ISNUMBER(Z9)),NOT(ISNUMBER(AA9))),"Falta hora inicio/fin o formato inválido",IF(AB9=0,"Hora inicio = hora fin",IF(AE9<0,"Descanso inválido",IF(AE9>=AD9,"Descanso ≥ duración",IF(AV9=1,"Registro duplicado",IF(AZ9>0,"Se superpone con otro registro "&D9,IF(BB9=0,"inicio, fin y duración neta deben ser múltiplos de "&CFG_BLK&" min","")))))))))))) | BD9: =IF(AND(Y9=1,BC9=""),1,0) -> 1 | BE9: =IF(AND(BD9=1,AU9=1),1,0) -> 1 | BF9: =IF(AND(D9="proMX",BD9=1),IF(R9="","Draft",R9),"") | BG9: =IF(BD9=1,ROUND(AG9/60,6),0) -> 3 | BH9: =IF(BE9=1,ROUND(AG9/60,6),0) -> 3 | BI9: =IF(BE9=1,ROUND(AP9/60,6),0) -> 3 | BJ9: =IF(BE9=1,ROUND(AQ9/60,6),0) -> 0 | BK9: =IF(BE9=1,ROUND((AR9+AS9)/60,6),0) -> 3 | BL9: =ROUND(BH9-BK9,6) -> 0 | BM9: =IF(BE9=1,ROUND(AR9/60,6),0) -> 3 | BN9: =ROUND(BI9-BM9,6) -> 0 | BO9: =IF(BE9=1,ROUND(AS9/60,6),0) -> 0 | BP9: =ROUND(BJ9-BO9,6) -> 0 | BQ9: =IF(BE9=1,AW9,0) -> 66672540 | BR9: =IF(BE9=1,AX9,0) -> 66672720 | BS9: =IF(AND(BE9=1,D9="Malcolm",BA9>0),MIN(BH9,SUMPRODUCT((R_Emp="proMX")*(R_EN>0)*((R_EN-(R_EN>BR9)*(R_EN-BR9))>(R_SN+(R_SN<BQ9)*(BQ9-R_SN)))*((R_EN-(R_EN>BR9)*(R_EN-BR9))-(R_SN+(R_SN<BQ9)*(BQ9-R_SN))))/60),0) -> 0 | BT9: =IF(AND(BE9=1,D9="proMX"),ROUND(BI9*CFG_RATE+BJ9*CFG_OTRATE,6),0) -> 0 | BU9: =IF(AND(BD9=1,D9="proMX"),ROUND(AG9/CFG_BLK,6),0) -> 0 | BV9: =IF(BF9="Approved",IF(ISNUMBER(T9),INT(T9),INT(B9)),"") | BW9: =IF(ISNUMBER(B9),IF(DB_MON="Todos",1,IF(AND(INT(B9)>=DB_MS,INT(B9)<=DB_ME),1,0)),0) -> 1 | BX9: =IF(DB_PROJ="Todos",1,IF(E9&""=DB_PROJ&"",1,0)) -> 1 | BY9: =BW9*BX9 -> 1 | BZ9: =IF(Y9=1,F9&IF(AND(F9&""<>"",E9&""<>"")," · ","")&E9,"") -> PCF-101 · PCF | CA9: =IF(AND(BD9=1,E9&""<>""),IF(COUNTIFS($E$5:E8,E9,$BD$5:BD8,1)=0,MAX($CA$5:CA8)+1,""),"") -> 2 | CB9: =IF(AND(BE9=1,D9="Malcolm",E9&""<>""),IF(COUNTIFS($D$5:D8,"Malcolm",$E$5:E8,E9,$BE$5:BE8,1)=0,MAX($CB$5:CB8)+1,""),"") -> 1 | CC9: =IF(AND(BD9=1,D9="proMX",E9&""<>""),IF(COUNTIFS($D$5:D8,"proMX",$E$5:E8,E9,$BD$5:BD8,1)=0,MAX($CC$5:CC8)+1,""),"") | CD9: =IF(AND(BE9=1,D9="Malcolm",F9&""<>""),IF(COUNTIFS($D$5:D8,"Malcolm",$F$5:F8,F9,$BE$5:BE8,1)=0,MAX($CD$5:CD8)+1,""),"") -> 1 | CE9: =IF(AND(BD9=1,D9="proMX",F9&""<>""),IF(COUNTIFS($D$5:D8,"proMX",$F$5:F8,F9,$BD$5:BD8,1)=0,MAX($CE$5:CE8)+1,""),"") | CF9: =IF(AND(D9="proMX",BD9=1),IF(OR(BF9="Draft",BF9="Submitted",BF9="Returned",BF9="Recall Requested"),MAX($CF$5:CF8)+1,""),"") | CG9: =IF(BD9=0,0,IF(D9="Malcolm",1,MATCH(BF9,{"Draft","Submitted","Approved","Returned","Recall Requested","Cancelled"},0)+1)) -> 1 | CH9: =IF(AND(BF9="Submitted",ISNUMBER(V9)),IF(V9>CFG_MAXD,1,0),0) -> 0
A10: =IF(Y10=1,ROW()-5,"") -> 5 | B10: 46300 | C10: =IF(ISNUMBER(B10),CHOOSE(WEEKDAY(B10,2),"Lun","Mar","Mié","Jue","Vie","Sáb","Dom"),"") -> Lun | D10: Malcolm | E10: PCF | F10: PCF-102 | G10: [EJEMPLO] Debugging | H10: 0.54166667 | I10: 0.59722222 | J10: 0 | K10: =IF(AB10=1,ROUND(AG10/60,4),"") -> 1.3333 | L10: =IF(BD10=1,ROUND(AP10/60,4),"") -> 1.3333 | M10: =IF(BD10=1,ROUND(AQ10/60,4),"") -> 0 | N10: =IF(AND(D10="proMX",AB10=1),ROUND(AG10/CFG_BLK,2),"") | O10: =IF(D10="proMX",IF(BD10=1,ROUND(AG10/60,4),0),"") | P10: =IF(Y10=0,"",IF(BD10=1,"OK",IF(D10="proMX","Revisar bloques: ","Revisar: ")&BC10)) -> OK | Q10: =IF(NOT(ISNUMBER(B10)),"",IF(COUNTIFS(FER_F,INT(B10))>0,"Feriado"&IF(AH10=1," (laborable)"," (no laborable)"),IF(AH10=1,"Laborable",IF(WEEKDAY(B10,2)>5,"Fin de semana","No laborable")))) -> Laborable | U10: EJEMPLO – se puede borrar | V10: =IF(AND(D10="proMX",OR(R10="Submitted",R10="Recall Requested"),ISNUMBER(S10)),CFG_TODAY-INT(S10),"") | W10: =IF(BD10=0,"",IF(BA10>0,"⚠ Se superpone con un registro de la otra empresa",IF(D10="Malcolm",IF(COUNTA(R10,S10,T10)>0,"Estado/fechas proMX se ignoran en Malcolm",""),IF(BF10="Cancelled","Cancelado: excluido de totales",IF(R10="","Sin estado: se trata como Draft",IF(BF10="Submitted",IF(ISNUMBER(V10),IF(V10>CFG_MAXD,"⚠ "&V10&" días en Submitted (máx. "&CFG_MAXD&")",""),"Falta fecha de envío"),IF(BF10="Returned","⚠ Devuelto: corregir y reenviar",IF(BF10="Recall Requested","Retirada solicitada: pendiente",IF(AND(BF10="Approved",NOT(ISNUMBER(T10))),"Falta fecha de aprobación",IF(AND(ISNUMBER(S10),ISNUMBER(T10),T10<S10),"Aprobación anterior al envío",""))))))))) | Y10: =IF(COUNTA(B10,D10,E10,F10,G10,H10,I10,J10,R10,S10,T10)>0,1,0) -> 1 | Z10: =IF(AND(ISNUMBER(H10),H10>=0,H10<1),ROUND(H10*1440,0),"") -> 780 | AA10: =IF(AND(ISNUMBER(I10),I10>=0,I10<1),ROUND(I10*1440,0),"") -> 860 | AB10: =IF(AND(ISNUMBER(B10),D10<>"",ISNUMBER(Z10),ISNUMBER(AA10)),IF(Z10=AA10,0,1),0) -> 1 | AC10: =IF(AB10=1,IF(AA10<Z10,1,0),0) -> 0 | AD10: =IF(AB10=1,IF(AC10=1,1440-Z10+AA10,AA10-Z10),0) -> 80 | AE10: =IF(J10="",0,IF(ISNUMBER(J10),J10,-1)) -> 0 | AF10: =MIN(MAX(0,AE10),AD10) -> 0 | AG10: =MAX(0,AD10-MAX(0,AE10)) -> 80 | AH10: =IF(ISNUMBER(B10),IF(AND(INDEX(CFG_WDAYS,WEEKDAY(INT(B10),2))="Sí",IF(D10="proMX",COUNTIFS(FER_F,INT(B10),FER_NLP,"Sí"),COUNTIFS(FER_F,INT(B10),FER_NLM,"Sí"))=0),1,0),0) -> 1 | AI10: =IF(AC10=1,IF(AND(INDEX(CFG_WDAYS,WEEKDAY(INT(B10)+1,2))="Sí",IF(D10="proMX",COUNTIFS(FER_F,INT(B10)+1,FER_NLP,"Sí"),COUNTIFS(FER_F,INT(B10)+1,FER_NLM,"Sí"))=0),1,0),0) -> 0 | AJ10: =IF(AC10=1,1440-Z10,AD10) -> 80 | AK10: =IF(AND(AB10=1,AH10=1),MAX(0,MIN(IF(AC10=1,1440,AA10),CFG_WEM)-MAX(Z10,CFG_WSM)),0) -> 80 | AL10: =IF(AND(AC10=1,AI10=1),MAX(0,MIN(AA10,CFG_WEM)-CFG_WSM),0) -> 0 | AM10: =AK10+AL10 -> 80 | AN10: =IF(CFG_BRK="Proporcional",IF(AD10=0,0,AF10*AM10/AD10),IF(CFG_BRK="Extras primero",MIN(AM10,MAX(0,AF10-(AD10-AM10))),MIN(AF10,AM10))) -> 0 | AO10: =AF10-AN10 -> 0 | AP10: =AM10-AN10 -> 80 | AQ10: =AD10-AM10-AO10 -> 0 | AR10: =IF(AM10=0,0,AK10-AN10*AK10/AM10) -> 80 | AS10: =IF(AD10-AM10=0,0,(AJ10-AK10)-AO10*(AJ10-AK10)/(AD10-AM10)) -> 0 | AT10: =IF(AC10=1,INT(B10)+1,"") | AU10: =IF(AND(D10="proMX",R10="Cancelled"),0,1) -> 1 | AV10: =IF(AND(AB10=1,AU10=1),IF(COUNTIFS($D$5:D9,D10,$B$5:B9,B10,$Z$5:Z9,Z10,$AA$5:AA9,AA10,$F$5:F9,F10&"",$AU$5:AU9,1)>0,1,0),0) -> 0 | AW10: =IF(AB10=1,INT(B10)*1440+Z10,"") -> 66672780 | AX10: =IF(AB10=1,AW10+AD10,"") -> 66672860 | AY10: =IF(AND(AB10=1,AV10=0,AU10=1),1,0) -> 1 | AZ10: =IF(AY10=1,COUNTIFS(R_Emp,D10,R_SAbs,"<"&AX10,R_EAbs,">"&AW10,R_OKey,1)-1,0) -> 0 | BA10: =IF(AY10=1,COUNTIFS(R_Emp,"<>"&D10,R_SAbs,"<"&AX10,R_EAbs,">"&AW10,R_OKey,1),0) -> 0 | BB10: =IF(AND(AB10=1,D10="proMX"),IF(AND(MOD(Z10,CFG_BLK)=0,MOD(AA10,CFG_BLK)=0,MOD(AG10,CFG_BLK)=0,AG10>0),1,0),1) -> 1 | BC10: =IF(Y10=0,"",IF(NOT(ISNUMBER(B10)),"Falta fecha o fecha inválida",IF(D10="","Falta empresa",IF(AND(D10<>"Malcolm",D10<>"proMX"),"Empresa inválida",IF(OR(INT(B10)<CFG_PSTART,INT(B10)>CFG_PEND),"Fecha fuera del período",IF(OR(NOT(ISNUMBER(Z10)),NOT(ISNUMBER(AA10))),"Falta hora inicio/fin o formato inválido",IF(AB10=0,"Hora inicio = hora fin",IF(AE10<0,"Descanso inválido",IF(AE10>=AD10,"Descanso ≥ duración",IF(AV10=1,"Registro duplicado",IF(AZ10>0,"Se superpone con otro registro "&D10,IF(BB10=0,"inicio, fin y duración neta deben ser múltiplos de "&CFG_BLK&" min","")))))))))))) | BD10: =IF(AND(Y10=1,BC10=""),1,0) -> 1 | BE10: =IF(AND(BD10=1,AU10=1),1,0) -> 1 | BF10: =IF(AND(D10="proMX",BD10=1),IF(R10="","Draft",R10),"") | BG10: =IF(BD10=1,ROUND(AG10/60,6),0) -> 1.333333 | BH10: =IF(BE10=1,ROUND(AG10/60,6),0) -> 1.333333 | BI10: =IF(BE10=1,ROUND(AP10/60,6),0) -> 1.333333 | BJ10: =IF(BE10=1,ROUND(AQ10/60,6),0) -> 0 | BK10: =IF(BE10=1,ROUND((AR10+AS10)/60,6),0) -> 1.333333 | BL10: =ROUND(BH10-BK10,6) -> 0 | BM10: =IF(BE10=1,ROUND(AR10/60,6),0) -> 1.333333 | BN10: =ROUND(BI10-BM10,6) -> 0 | BO10: =IF(BE10=1,ROUND(AS10/60,6),0) -> 0 | BP10: =ROUND(BJ10-BO10,6) -> 0 | BQ10: =IF(BE10=1,AW10,0) -> 66672780 | BR10: =IF(BE10=1,AX10,0) -> 66672860 | BS10: =IF(AND(BE10=1,D10="Malcolm",BA10>0),MIN(BH10,SUMPRODUCT((R_Emp="proMX")*(R_EN>0)*((R_EN-(R_EN>BR10)*(R_EN-BR10))>(R_SN+(R_SN<BQ10)*(BQ10-R_SN)))*((R_EN-(R_EN>BR10)*(R_EN-BR10))-(R_SN+(R_SN<BQ10)*(BQ10-R_SN))))/60),0) -> 0 | BT10: =IF(AND(BE10=1,D10="proMX"),ROUND(BI10*CFG_RATE+BJ10*CFG_OTRATE,6),0) -> 0 | BU10: =IF(AND(BD10=1,D10="proMX"),ROUND(AG10/CFG_BLK,6),0) -> 0 | BV10: =IF(BF10="Approved",IF(ISNUMBER(T10),INT(T10),INT(B10)),"") | BW10: =IF(ISNUMBER(B10),IF(DB_MON="Todos",1,IF(AND(INT(B10)>=DB_MS,INT(B10)<=DB_ME),1,0)),0) -> 1 | BX10: =IF(DB_PROJ="Todos",1,IF(E10&""=DB_PROJ&"",1,0)) -> 1 | BY10: =BW10*BX10 -> 1 | BZ10: =IF(Y10=1,F10&IF(AND(F10&""<>"",E10&""<>"")," · ","")&E10,"") -> PCF-102 · PCF | CA10: =IF(AND(BD10=1,E10&""<>""),IF(COUNTIFS($E$5:E9,E10,$BD$5:BD9,1)=0,MAX($CA$5:CA9)+1,""),"") | CB10: =IF(AND(BE10=1,D10="Malcolm",E10&""<>""),IF(COUNTIFS($D$5:D9,"Malcolm",$E$5:E9,E10,$BE$5:BE9,1)=0,MAX($CB$5:CB9)+1,""),"") | CC10: =IF(AND(BD10=1,D10="proMX",E10&""<>""),IF(COUNTIFS($D$5:D9,"proMX",$E$5:E9,E10,$BD$5:BD9,1)=0,MAX($CC$5:CC9)+1,""),"") | CD10: =IF(AND(BE10=1,D10="Malcolm",F10&""<>""),IF(COUNTIFS($D$5:D9,"Malcolm",$F$5:F9,F10,$BE$5:BE9,1)=0,MAX($CD$5:CD9)+1,""),"") -> 2 | CE10: =IF(AND(BD10=1,D10="proMX",F10&""<>""),IF(COUNTIFS($D$5:D9,"proMX",$F$5:F9,F10,$BD$5:BD9,1)=0,MAX($CE$5:CE9)+1,""),"") | CF10: =IF(AND(D10="proMX",BD10=1),IF(OR(BF10="Draft",BF10="Submitted",BF10="Returned",BF10="Recall Requested"),MAX($CF$5:CF9)+1,""),"") | CG10: =IF(BD10=0,0,IF(D10="Malcolm",1,MATCH(BF10,{"Draft","Submitted","Approved","Returned","Recall Requested","Cancelled"},0)+1)) -> 1 | CH10: =IF(AND(BF10="Submitted",ISNUMBER(V10)),IF(V10>CFG_MAXD,1,0),0) -> 0
A11: =IF(Y11=1,ROW()-5,"") -> 6 | B11: 46300 | C11: =IF(ISNUMBER(B11),CHOOSE(WEEKDAY(B11,2),"Lun","Mar","Mié","Jue","Vie","Sáb","Dom"),"") -> Lun | D11: Malcolm | E11: PCF | F11: PCF-103 | G11: [EJEMPLO] Horas extras: deploy | H11: 0.70833333 | I11: 0.79166667 | J11: 0 | K11: =IF(AB11=1,ROUND(AG11/60,4),"") -> 2 | L11: =IF(BD11=1,ROUND(AP11/60,4),"") -> 0 | M11: =IF(BD11=1,ROUND(AQ11/60,4),"") -> 2 | N11: =IF(AND(D11="proMX",AB11=1),ROUND(AG11/CFG_BLK,2),"") | O11: =IF(D11="proMX",IF(BD11=1,ROUND(AG11/60,4),0),"") | P11: =IF(Y11=0,"",IF(BD11=1,"OK",IF(D11="proMX","Revisar bloques: ","Revisar: ")&BC11)) -> OK | Q11: =IF(NOT(ISNUMBER(B11)),"",IF(COUNTIFS(FER_F,INT(B11))>0,"Feriado"&IF(AH11=1," (laborable)"," (no laborable)"),IF(AH11=1,"Laborable",IF(WEEKDAY(B11,2)>5,"Fin de semana","No laborable")))) -> Laborable | U11: EJEMPLO – se puede borrar | V11: =IF(AND(D11="proMX",OR(R11="Submitted",R11="Recall Requested"),ISNUMBER(S11)),CFG_TODAY-INT(S11),"") | W11: =IF(BD11=0,"",IF(BA11>0,"⚠ Se superpone con un registro de la otra empresa",IF(D11="Malcolm",IF(COUNTA(R11,S11,T11)>0,"Estado/fechas proMX se ignoran en Malcolm",""),IF(BF11="Cancelled","Cancelado: excluido de totales",IF(R11="","Sin estado: se trata como Draft",IF(BF11="Submitted",IF(ISNUMBER(V11),IF(V11>CFG_MAXD,"⚠ "&V11&" días en Submitted (máx. "&CFG_MAXD&")",""),"Falta fecha de envío"),IF(BF11="Returned","⚠ Devuelto: corregir y reenviar",IF(BF11="Recall Requested","Retirada solicitada: pendiente",IF(AND(BF11="Approved",NOT(ISNUMBER(T11))),"Falta fecha de aprobación",IF(AND(ISNUMBER(S11),ISNUMBER(T11),T11<S11),"Aprobación anterior al envío",""))))))))) | Y11: =IF(COUNTA(B11,D11,E11,F11,G11,H11,I11,J11,R11,S11,T11)>0,1,0) -> 1 | Z11: =IF(AND(ISNUMBER(H11),H11>=0,H11<1),ROUND(H11*1440,0),"") -> 1020 | AA11: =IF(AND(ISNUMBER(I11),I11>=0,I11<1),ROUND(I11*1440,0),"") -> 1140 | AB11: =IF(AND(ISNUMBER(B11),D11<>"",ISNUMBER(Z11),ISNUMBER(AA11)),IF(Z11=AA11,0,1),0) -> 1 | AC11: =IF(AB11=1,IF(AA11<Z11,1,0),0) -> 0 | AD11: =IF(AB11=1,IF(AC11=1,1440-Z11+AA11,AA11-Z11),0) -> 120 | AE11: =IF(J11="",0,IF(ISNUMBER(J11),J11,-1)) -> 0 | AF11: =MIN(MAX(0,AE11),AD11) -> 0 | AG11: =MAX(0,AD11-MAX(0,AE11)) -> 120 | AH11: =IF(ISNUMBER(B11),IF(AND(INDEX(CFG_WDAYS,WEEKDAY(INT(B11),2))="Sí",IF(D11="proMX",COUNTIFS(FER_F,INT(B11),FER_NLP,"Sí"),COUNTIFS(FER_F,INT(B11),FER_NLM,"Sí"))=0),1,0),0) -> 1 | AI11: =IF(AC11=1,IF(AND(INDEX(CFG_WDAYS,WEEKDAY(INT(B11)+1,2))="Sí",IF(D11="proMX",COUNTIFS(FER_F,INT(B11)+1,FER_NLP,"Sí"),COUNTIFS(FER_F,INT(B11)+1,FER_NLM,"Sí"))=0),1,0),0) -> 0 | AJ11: =IF(AC11=1,1440-Z11,AD11) -> 120 | AK11: =IF(AND(AB11=1,AH11=1),MAX(0,MIN(IF(AC11=1,1440,AA11),CFG_WEM)-MAX(Z11,CFG_WSM)),0) -> 0 | AL11: =IF(AND(AC11=1,AI11=1),MAX(0,MIN(AA11,CFG_WEM)-CFG_WSM),0) -> 0 | AM11: =AK11+AL11 -> 0 | AN11: =IF(CFG_BRK="Proporcional",IF(AD11=0,0,AF11*AM11/AD11),IF(CFG_BRK="Extras primero",MIN(AM11,MAX(0,AF11-(AD11-AM11))),MIN(AF11,AM11))) -> 0 | AO11: =AF11-AN11 -> 0 | AP11: =AM11-AN11 -> 0 | AQ11: =AD11-AM11-AO11 -> 120 | AR11: =IF(AM11=0,0,AK11-AN11*AK11/AM11) -> 0 | AS11: =IF(AD11-AM11=0,0,(AJ11-AK11)-AO11*(AJ11-AK11)/(AD11-AM11)) -> 120 | AT11: =IF(AC11=1,INT(B11)+1,"") | AU11: =IF(AND(D11="proMX",R11="Cancelled"),0,1) -> 1 | AV11: =IF(AND(AB11=1,AU11=1),IF(COUNTIFS($D$5:D10,D11,$B$5:B10,B11,$Z$5:Z10,Z11,$AA$5:AA10,AA11,$F$5:F10,F11&"",$AU$5:AU10,1)>0,1,0),0) -> 0 | AW11: =IF(AB11=1,INT(B11)*1440+Z11,"") -> 66673020 | AX11: =IF(AB11=1,AW11+AD11,"") -> 66673140 | AY11: =IF(AND(AB11=1,AV11=0,AU11=1),1,0) -> 1 | AZ11: =IF(AY11=1,COUNTIFS(R_Emp,D11,R_SAbs,"<"&AX11,R_EAbs,">"&AW11,R_OKey,1)-1,0) -> 0 | BA11: =IF(AY11=1,COUNTIFS(R_Emp,"<>"&D11,R_SAbs,"<"&AX11,R_EAbs,">"&AW11,R_OKey,1),0) -> 0 | BB11: =IF(AND(AB11=1,D11="proMX"),IF(AND(MOD(Z11,CFG_BLK)=0,MOD(AA11,CFG_BLK)=0,MOD(AG11,CFG_BLK)=0,AG11>0),1,0),1) -> 1 | BC11: =IF(Y11=0,"",IF(NOT(ISNUMBER(B11)),"Falta fecha o fecha inválida",IF(D11="","Falta empresa",IF(AND(D11<>"Malcolm",D11<>"proMX"),"Empresa inválida",IF(OR(INT(B11)<CFG_PSTART,INT(B11)>CFG_PEND),"Fecha fuera del período",IF(OR(NOT(ISNUMBER(Z11)),NOT(ISNUMBER(AA11))),"Falta hora inicio/fin o formato inválido",IF(AB11=0,"Hora inicio = hora fin",IF(AE11<0,"Descanso inválido",IF(AE11>=AD11,"Descanso ≥ duración",IF(AV11=1,"Registro duplicado",IF(AZ11>0,"Se superpone con otro registro "&D11,IF(BB11=0,"inicio, fin y duración neta deben ser múltiplos de "&CFG_BLK&" min","")))))))))))) | BD11: =IF(AND(Y11=1,BC11=""),1,0) -> 1 | BE11: =IF(AND(BD11=1,AU11=1),1,0) -> 1 | BF11: =IF(AND(D11="proMX",BD11=1),IF(R11="","Draft",R11),"") | BG11: =IF(BD11=1,ROUND(AG11/60,6),0) -> 2 | BH11: =IF(BE11=1,ROUND(AG11/60,6),0) -> 2 | BI11: =IF(BE11=1,ROUND(AP11/60,6),0) -> 0 | BJ11: =IF(BE11=1,ROUND(AQ11/60,6),0) -> 2 | BK11: =IF(BE11=1,ROUND((AR11+AS11)/60,6),0) -> 2 | BL11: =ROUND(BH11-BK11,6) -> 0 | BM11: =IF(BE11=1,ROUND(AR11/60,6),0) -> 0 | BN11: =ROUND(BI11-BM11,6) -> 0 | BO11: =IF(BE11=1,ROUND(AS11/60,6),0) -> 2 | BP11: =ROUND(BJ11-BO11,6) -> 0 | BQ11: =IF(BE11=1,AW11,0) -> 66673020 | BR11: =IF(BE11=1,AX11,0) -> 66673140 | BS11: =IF(AND(BE11=1,D11="Malcolm",BA11>0),MIN(BH11,SUMPRODUCT((R_Emp="proMX")*(R_EN>0)*((R_EN-(R_EN>BR11)*(R_EN-BR11))>(R_SN+(R_SN<BQ11)*(BQ11-R_SN)))*((R_EN-(R_EN>BR11)*(R_EN-BR11))-(R_SN+(R_SN<BQ11)*(BQ11-R_SN))))/60),0) -> 0 | BT11: =IF(AND(BE11=1,D11="proMX"),ROUND(BI11*CFG_RATE+BJ11*CFG_OTRATE,6),0) -> 0 | BU11: =IF(AND(BD11=1,D11="proMX"),ROUND(AG11/CFG_BLK,6),0) -> 0 | BV11: =IF(BF11="Approved",IF(ISNUMBER(T11),INT(T11),INT(B11)),"") | BW11: =IF(ISNUMBER(B11),IF(DB_MON="Todos",1,IF(AND(INT(B11)>=DB_MS,INT(B11)<=DB_ME),1,0)),0) -> 1 | BX11: =IF(DB_PROJ="Todos",1,IF(E11&""=DB_PROJ&"",1,0)) -> 1 | BY11: =BW11*BX11 -> 1 | BZ11: =IF(Y11=1,F11&IF(AND(F11&""<>"",E11&""<>"")," · ","")&E11,"") -> PCF-103 · PCF | CA11: =IF(AND(BD11=1,E11&""<>""),IF(COUNTIFS($E$5:E10,E11,$BD$5:BD10,1)=0,MAX($CA$5:CA10)+1,""),"") | CB11: =IF(AND(BE11=1,D11="Malcolm",E11&""<>""),IF(COUNTIFS($D$5:D10,"Malcolm",$E$5:E10,E11,$BE$5:BE10,1)=0,MAX($CB$5:CB10)+1,""),"") | CC11: =IF(AND(BD11=1,D11="proMX",E11&""<>""),IF(COUNTIFS($D$5:D10,"proMX",$E$5:E10,E11,$BD$5:BD10,1)=0,MAX($CC$5:CC10)+1,""),"") | CD11: =IF(AND(BE11=1,D11="Malcolm",F11&""<>""),IF(COUNTIFS($D$5:D10,"Malcolm",$F$5:F10,F11,$BE$5:BE10,1)=0,MAX($CD$5:CD10)+1,""),"") -> 3 | CE11: =IF(AND(BD11=1,D11="proMX",F11&""<>""),IF(COUNTIFS($D$5:D10,"proMX",$F$5:F10,F11,$BD$5:BD10,1)=0,MAX($CE$5:CE10)+1,""),"") | CF11: =IF(AND(D11="proMX",BD11=1),IF(OR(BF11="Draft",BF11="Submitted",BF11="Returned",BF11="Recall Requested"),MAX($CF$5:CF10)+1,""),"") | CG11: =IF(BD11=0,0,IF(D11="Malcolm",1,MATCH(BF11,{"Draft","Submitted","Approved","Returned","Recall Requested","Cancelled"},0)+1)) -> 1 | CH11: =IF(AND(BF11="Submitted",ISNUMBER(V11)),IF(V11>CFG_MAXD,1,0),0) -> 0
A12: =IF(Y12=1,ROW()-5,"") -> 7 | B12: 46301 | C12: =IF(ISNUMBER(B12),CHOOSE(WEEKDAY(B12,2),"Lun","Mar","Mié","Jue","Vie","Sáb","Dom"),"") -> Mar | D12: proMX | E12: Portal Cliente | F12: PMX-201 | G12: [EJEMPLO] Corrección de bugs | H12: 0.375 | I12: 0.4375 | J12: 0 | K12: =IF(AB12=1,ROUND(AG12/60,4),"") -> 1.5 | L12: =IF(BD12=1,ROUND(AP12/60,4),"") -> 1.5 | M12: =IF(BD12=1,ROUND(AQ12/60,4),"") -> 0 | N12: =IF(AND(D12="proMX",AB12=1),ROUND(AG12/CFG_BLK,2),"") -> 3 | O12: =IF(D12="proMX",IF(BD12=1,ROUND(AG12/60,4),0),"") -> 1.5 | P12: =IF(Y12=0,"",IF(BD12=1,"OK",IF(D12="proMX","Revisar bloques: ","Revisar: ")&BC12)) -> OK | Q12: =IF(NOT(ISNUMBER(B12)),"",IF(COUNTIFS(FER_F,INT(B12))>0,"Feriado"&IF(AH12=1," (laborable)"," (no laborable)"),IF(AH12=1,"Laborable",IF(WEEKDAY(B12,2)>5,"Fin de semana","No laborable")))) -> Laborable | R12: Draft | U12: EJEMPLO – se puede borrar | V12: =IF(AND(D12="proMX",OR(R12="Submitted",R12="Recall Requested"),ISNUMBER(S12)),CFG_TODAY-INT(S12),"") | W12: =IF(BD12=0,"",IF(BA12>0,"⚠ Se superpone con un registro de la otra empresa",IF(D12="Malcolm",IF(COUNTA(R12,S12,T12)>0,"Estado/fechas proMX se ignoran en Malcolm",""),IF(BF12="Cancelled","Cancelado: excluido de totales",IF(R12="","Sin estado: se trata como Draft",IF(BF12="Submitted",IF(ISNUMBER(V12),IF(V12>CFG_MAXD,"⚠ "&V12&" días en Submitted (máx. "&CFG_MAXD&")",""),"Falta fecha de envío"),IF(BF12="Returned","⚠ Devuelto: corregir y reenviar",IF(BF12="Recall Requested","Retirada solicitada: pendiente",IF(AND(BF12="Approved",NOT(ISNUMBER(T12))),"Falta fecha de aprobación",IF(AND(ISNUMBER(S12),ISNUMBER(T12),T12<S12),"Aprobación anterior al envío",""))))))))) | Y12: =IF(COUNTA(B12,D12,E12,F12,G12,H12,I12,J12,R12,S12,T12)>0,1,0) -> 1 | Z12: =IF(AND(ISNUMBER(H12),H12>=0,H12<1),ROUND(H12*1440,0),"") -> 540 | AA12: =IF(AND(ISNUMBER(I12),I12>=0,I12<1),ROUND(I12*1440,0),"") -> 630 | AB12: =IF(AND(ISNUMBER(B12),D12<>"",ISNUMBER(Z12),ISNUMBER(AA12)),IF(Z12=AA12,0,1),0) -> 1 | AC12: =IF(AB12=1,IF(AA12<Z12,1,0),0) -> 0 | AD12: =IF(AB12=1,IF(AC12=1,1440-Z12+AA12,AA12-Z12),0) -> 90 | AE12: =IF(J12="",0,IF(ISNUMBER(J12),J12,-1)) -> 0 | AF12: =MIN(MAX(0,AE12),AD12) -> 0 | AG12: =MAX(0,AD12-MAX(0,AE12)) -> 90 | AH12: =IF(ISNUMBER(B12),IF(AND(INDEX(CFG_WDAYS,WEEKDAY(INT(B12),2))="Sí",IF(D12="proMX",COUNTIFS(FER_F,INT(B12),FER_NLP,"Sí"),COUNTIFS(FER_F,INT(B12),FER_NLM,"Sí"))=0),1,0),0) -> 1 | AI12: =IF(AC12=1,IF(AND(INDEX(CFG_WDAYS,WEEKDAY(INT(B12)+1,2))="Sí",IF(D12="proMX",COUNTIFS(FER_F,INT(B12)+1,FER_NLP,"Sí"),COUNTIFS(FER_F,INT(B12)+1,FER_NLM,"Sí"))=0),1,0),0) -> 0 | AJ12: =IF(AC12=1,1440-Z12,AD12) -> 90 | AK12: =IF(AND(AB12=1,AH12=1),MAX(0,MIN(IF(AC12=1,1440,AA12),CFG_WEM)-MAX(Z12,CFG_WSM)),0) -> 90 | AL12: =IF(AND(AC12=1,AI12=1),MAX(0,MIN(AA12,CFG_WEM)-CFG_WSM),0) -> 0 | AM12: =AK12+AL12 -> 90 | AN12: =IF(CFG_BRK="Proporcional",IF(AD12=0,0,AF12*AM12/AD12),IF(CFG_BRK="Extras primero",MIN(AM12,MAX(0,AF12-(AD12-AM12))),MIN(AF12,AM12))) -> 0 | AO12: =AF12-AN12 -> 0 | AP12: =AM12-AN12 -> 90 | AQ12: =AD12-AM12-AO12 -> 0 | AR12: =IF(AM12=0,0,AK12-AN12*AK12/AM12) -> 90 | AS12: =IF(AD12-AM12=0,0,(AJ12-AK12)-AO12*(AJ12-AK12)/(AD12-AM12)) -> 0 | AT12: =IF(AC12=1,INT(B12)+1,"") | AU12: =IF(AND(D12="proMX",R12="Cancelled"),0,1) -> 1 | AV12: =IF(AND(AB12=1,AU12=1),IF(COUNTIFS($D$5:D11,D12,$B$5:B11,B12,$Z$5:Z11,Z12,$AA$5:AA11,AA12,$F$5:F11,F12&"",$AU$5:AU11,1)>0,1,0),0) -> 0 | AW12: =IF(AB12=1,INT(B12)*1440+Z12,"") -> 66673980 | AX12: =IF(AB12=1,AW12+AD12,"") -> 66674070 | AY12: =IF(AND(AB12=1,AV12=0,AU12=1),1,0) -> 1 | AZ12: =IF(AY12=1,COUNTIFS(R_Emp,D12,R_SAbs,"<"&AX12,R_EAbs,">"&AW12,R_OKey,1)-1,0) -> 0 | BA12: =IF(AY12=1,COUNTIFS(R_Emp,"<>"&D12,R_SAbs,"<"&AX12,R_EAbs,">"&AW12,R_OKey,1),0) -> 0 | BB12: =IF(AND(AB12=1,D12="proMX"),IF(AND(MOD(Z12,CFG_BLK)=0,MOD(AA12,CFG_BLK)=0,MOD(AG12,CFG_BLK)=0,AG12>0),1,0),1) -> 1 | BC12: =IF(Y12=0,"",IF(NOT(ISNUMBER(B12)),"Falta fecha o fecha inválida",IF(D12="","Falta empresa",IF(AND(D12<>"Malcolm",D12<>"proMX"),"Empresa inválida",IF(OR(INT(B12)<CFG_PSTART,INT(B12)>CFG_PEND),"Fecha fuera del período",IF(OR(NOT(ISNUMBER(Z12)),NOT(ISNUMBER(AA12))),"Falta hora inicio/fin o formato inválido",IF(AB12=0,"Hora inicio = hora fin",IF(AE12<0,"Descanso inválido",IF(AE12>=AD12,"Descanso ≥ duración",IF(AV12=1,"Registro duplicado",IF(AZ12>0,"Se superpone con otro registro "&D12,IF(BB12=0,"inicio, fin y duración neta deben ser múltiplos de "&CFG_BLK&" min","")))))))))))) | BD12: =IF(AND(Y12=1,BC12=""),1,0) -> 1 | BE12: =IF(AND(BD12=1,AU12=1),1,0) -> 1 | BF12: =IF(AND(D12="proMX",BD12=1),IF(R12="","Draft",R12),"") -> Draft | BG12: =IF(BD12=1,ROUND(AG12/60,6),0) -> 1.5 | BH12: =IF(BE12=1,ROUND(AG12/60,6),0) -> 1.5 | BI12: =IF(BE12=1,ROUND(AP12/60,6),0) -> 1.5 | BJ12: =IF(BE12=1,ROUND(AQ12/60,6),0) -> 0 | BK12: =IF(BE12=1,ROUND((AR12+AS12)/60,6),0) -> 1.5 | BL12: =ROUND(BH12-BK12,6) -> 0 | BM12: =IF(BE12=1,ROUND(AR12/60,6),0) -> 1.5 | BN12: =ROUND(BI12-BM12,6) -> 0 | BO12: =IF(BE12=1,ROUND(AS12/60,6),0) -> 0 | BP12: =ROUND(BJ12-BO12,6) -> 0 | BQ12: =IF(BE12=1,AW12,0) -> 66673980 | BR12: =IF(BE12=1,AX12,0) -> 66674070 | BS12: =IF(AND(BE12=1,D12="Malcolm",BA12>0),MIN(BH12,SUMPRODUCT((R_Emp="proMX")*(R_EN>0)*((R_EN-(R_EN>BR12)*(R_EN-BR12))>(R_SN+(R_SN<BQ12)*(BQ12-R_SN)))*((R_EN-(R_EN>BR12)*(R_EN-BR12))-(R_SN+(R_SN<BQ12)*(BQ12-R_SN))))/60),0) -> 0 | BT12: =IF(AND(BE12=1,D12="proMX"),ROUND(BI12*CFG_RATE+BJ12*CFG_OTRATE,6),0) -> 75 | BU12: =IF(AND(BD12=1,D12="proMX"),ROUND(AG12/CFG_BLK,6),0) -> 3 | BV12: =IF(BF12="Approved",IF(ISNUMBER(T12),INT(T12),INT(B12)),"") | BW12: =IF(ISNUMBER(B12),IF(DB_MON="Todos",1,IF(AND(INT(B12)>=DB_MS,INT(B12)<=DB_ME),1,0)),0) -> 1 | BX12: =IF(DB_PROJ="Todos",1,IF(E12&""=DB_PROJ&"",1,0)) -> 1 | BY12: =BW12*BX12 -> 1 | BZ12: =IF(Y12=1,F12&IF(AND(F12&""<>"",E12&""<>"")," · ","")&E12,"") -> PMX-201 · Portal Cliente | CA12: =IF(AND(BD12=1,E12&""<>""),IF(COUNTIFS($E$5:E11,E12,$BD$5:BD11,1)=0,MAX($CA$5:CA11)+1,""),"") | CB12: =IF(AND(BE12=1,D12="Malcolm",E12&""<>""),IF(COUNTIFS($D$5:D11,"Malcolm",$E$5:E11,E12,$BE$5:BE11,1)=0,MAX($CB$5:CB11)+1,""),"") | CC12: =IF(AND(BD12=1,D12="proMX",E12&""<>""),IF(COUNTIFS($D$5:D11,"proMX",$E$5:E11,E12,$BD$5:BD11,1)=0,MAX($CC$5:CC11)+1,""),"") | CD12: =IF(AND(BE12=1,D12="Malcolm",F12&""<>""),IF(COUNTIFS($D$5:D11,"Malcolm",$F$5:F11,F12,$BE$5:BE11,1)=0,MAX($CD$5:CD11)+1,""),"") | CE12: =IF(AND(BD12=1,D12="proMX",F12&""<>""),IF(COUNTIFS($D$5:D11,"proMX",$F$5:F11,F12,$BD$5:BD11,1)=0,MAX($CE$5:CE11)+1,""),"") -> 4 | CF12: =IF(AND(D12="proMX",BD12=1),IF(OR(BF12="Draft",BF12="Submitted",BF12="Returned",BF12="Recall Requested"),MAX($CF$5:CF11)+1,""),"") -> 2 | CG12: =IF(BD12=0,0,IF(D12="Malcolm",1,MATCH(BF12,{"Draft","Submitted","Approved","Returned","Recall Requested","Cancelled"},0)+1)) -> 2 | CH12: =IF(AND(BF12="Submitted",ISNUMBER(V12)),IF(V12>CFG_MAXD,1,0),0) -> 0
A13: =IF(Y13=1,ROW()-5,"") | C13: =IF(ISNUMBER(B13),CHOOSE(WEEKDAY(B13,2),"Lun","Mar","Mié","Jue","Vie","Sáb","Dom"),"") | K13: =IF(AB13=1,ROUND(AG13/60,4),"") | L13: =IF(BD13=1,ROUND(AP13/60,4),"") | M13: =IF(BD13=1,ROUND(AQ13/60,4),"") | N13: =IF(AND(D13="proMX",AB13=1),ROUND(AG13/CFG_BLK,2),"") | O13: =IF(D13="proMX",IF(BD13=1,ROUND(AG13/60,4),0),"") | P13: =IF(Y13=0,"",IF(BD13=1,"OK",IF(D13="proMX","Revisar bloques: ","Revisar: ")&BC13)) | Q13: =IF(NOT(ISNUMBER(B13)),"",IF(COUNTIFS(FER_F,INT(B13))>0,"Feriado"&IF(AH13=1," (laborable)"," (no laborable)"),IF(AH13=1,"Laborable",IF(WEEKDAY(B13,2)>5,"Fin de semana","No laborable")))) | V13: =IF(AND(D13="proMX",OR(R13="Submitted",R13="Recall Requested"),ISNUMBER(S13)),CFG_TODAY-INT(S13),"") | W13: =IF(BD13=0,"",IF(BA13>0,"⚠ Se superpone con un registro de la otra empresa",IF(D13="Malcolm",IF(COUNTA(R13,S13,T13)>0,"Estado/fechas proMX se ignoran en Malcolm",""),IF(BF13="Cancelled","Cancelado: excluido de totales",IF(R13="","Sin estado: se trata como Draft",IF(BF13="Submitted",IF(ISNUMBER(V13),IF(V13>CFG_MAXD,"⚠ "&V13&" días en Submitted (máx. "&CFG_MAXD&")",""),"Falta fecha de envío"),IF(BF13="Returned","⚠ Devuelto: corregir y reenviar",IF(BF13="Recall Requested","Retirada solicitada: pendiente",IF(AND(BF13="Approved",NOT(ISNUMBER(T13))),"Falta fecha de aprobación",IF(AND(ISNUMBER(S13),ISNUMBER(T13),T13<S13),"Aprobación anterior al envío",""))))))))) | Y13: =IF(COUNTA(B13,D13,E13,F13,G13,H13,I13,J13,R13,S13,T13)>0,1,0) -> 0 | Z13: =IF(AND(ISNUMBER(H13),H13>=0,H13<1),ROUND(H13*1440,0),"") | AA13: =IF(AND(ISNUMBER(I13),I13>=0,I13<1),ROUND(I13*1440,0),"") | AB13: =IF(AND(ISNUMBER(B13),D13<>"",ISNUMBER(Z13),ISNUMBER(AA13)),IF(Z13=AA13,0,1),0) -> 0 | AC13: =IF(AB13=1,IF(AA13<Z13,1,0),0) -> 0 | AD13: =IF(AB13=1,IF(AC13=1,1440-Z13+AA13,AA13-Z13),0) -> 0 | AE13: =IF(J13="",0,IF(ISNUMBER(J13),J13,-1)) -> 0 | AF13: =MIN(MAX(0,AE13),AD13) -> 0 | AG13: =MAX(0,AD13-MAX(0,AE13)) -> 0 | AH13: =IF(ISNUMBER(B13),IF(AND(INDEX(CFG_WDAYS,WEEKDAY(INT(B13),2))="Sí",IF(D13="proMX",COUNTIFS(FER_F,INT(B13),FER_NLP,"Sí"),COUNTIFS(FER_F,INT(B13),FER_NLM,"Sí"))=0),1,0),0) -> 0 | AI13: =IF(AC13=1,IF(AND(INDEX(CFG_WDAYS,WEEKDAY(INT(B13)+1,2))="Sí",IF(D13="proMX",COUNTIFS(FER_F,INT(B13)+1,FER_NLP,"Sí"),COUNTIFS(FER_F,INT(B13)+1,FER_NLM,"Sí"))=0),1,0),0) -> 0 | AJ13: =IF(AC13=1,1440-Z13,AD13) -> 0 | AK13: =IF(AND(AB13=1,AH13=1),MAX(0,MIN(IF(AC13=1,1440,AA13),CFG_WEM)-MAX(Z13,CFG_WSM)),0) -> 0 | AL13: =IF(AND(AC13=1,AI13=1),MAX(0,MIN(AA13,CFG_WEM)-CFG_WSM),0) -> 0 | AM13: =AK13+AL13 -> 0 | AN13: =IF(CFG_BRK="Proporcional",IF(AD13=0,0,AF13*AM13/AD13),IF(CFG_BRK="Extras primero",MIN(AM13,MAX(0,AF13-(AD13-AM13))),MIN(AF13,AM13))) -> 0 | AO13: =AF13-AN13 -> 0 | AP13: =AM13-AN13 -> 0 | AQ13: =AD13-AM13-AO13 -> 0 | AR13: =IF(AM13=0,0,AK13-AN13*AK13/AM13) -> 0 | AS13: =IF(AD13-AM13=0,0,(AJ13-AK13)-AO13*(AJ13-AK13)/(AD13-AM13)) -> 0 | AT13: =IF(AC13=1,INT(B13)+1,"") | AU13: =IF(AND(D13="proMX",R13="Cancelled"),0,1) -> 1 | AV13: =IF(AND(AB13=1,AU13=1),IF(COUNTIFS($D$5:D12,D13,$B$5:B12,B13,$Z$5:Z12,Z13,$AA$5:AA12,AA13,$F$5:F12,F13&"",$AU$5:AU12,1)>0,1,0),0) -> 0 | AW13: =IF(AB13=1,INT(B13)*1440+Z13,"") | AX13: =IF(AB13=1,AW13+AD13,"") | AY13: =IF(AND(AB13=1,AV13=0,AU13=1),1,0) -> 0 | AZ13: =IF(AY13=1,COUNTIFS(R_Emp,D13,R_SAbs,"<"&AX13,R_EAbs,">"&AW13,R_OKey,1)-1,0) -> 0 | BA13: =IF(AY13=1,COUNTIFS(R_Emp,"<>"&D13,R_SAbs,"<"&AX13,R_EAbs,">"&AW13,R_OKey,1),0) -> 0 | BB13: =IF(AND(AB13=1,D13="proMX"),IF(AND(MOD(Z13,CFG_BLK)=0,MOD(AA13,CFG_BLK)=0,MOD(AG13,CFG_BLK)=0,AG13>0),1,0),1) -> 1 | BC13: =IF(Y13=0,"",IF(NOT(ISNUMBER(B13)),"Falta fecha o fecha inválida",IF(D13="","Falta empresa",IF(AND(D13<>"Malcolm",D13<>"proMX"),"Empresa inválida",IF(OR(INT(B13)<CFG_PSTART,INT(B13)>CFG_PEND),"Fecha fuera del período",IF(OR(NOT(ISNUMBER(Z13)),NOT(ISNUMBER(AA13))),"Falta hora inicio/fin o formato inválido",IF(AB13=0,"Hora inicio = hora fin",IF(AE13<0,"Descanso inválido",IF(AE13>=AD13,"Descanso ≥ duración",IF(AV13=1,"Registro duplicado",IF(AZ13>0,"Se superpone con otro registro "&D13,IF(BB13=0,"inicio, fin y duración neta deben ser múltiplos de "&CFG_BLK&" min","")))))))))))) | BD13: =IF(AND(Y13=1,BC13=""),1,0) -> 0 | BE13: =IF(AND(BD13=1,AU13=1),1,0) -> 0 | BF13: =IF(AND(D13="proMX",BD13=1),IF(R13="","Draft",R13),"") | BG13: =IF(BD13=1,ROUND(AG13/60,6),0) -> 0 | BH13: =IF(BE13=1,ROUND(AG13/60,6),0) -> 0 | BI13: =IF(BE13=1,ROUND(AP13/60,6),0) -> 0 | BJ13: =IF(BE13=1,ROUND(AQ13/60,6),0) -> 0 | BK13: =IF(BE13=1,ROUND((AR13+AS13)/60,6),0) -> 0 | BL13: =ROUND(BH13-BK13,6) -> 0 | BM13: =IF(BE13=1,ROUND(AR13/60,6),0) -> 0 | BN13: =ROUND(BI13-BM13,6) -> 0 | BO13: =IF(BE13=1,ROUND(AS13/60,6),0) -> 0 | BP13: =ROUND(BJ13-BO13,6) -> 0 | BQ13: =IF(BE13=1,AW13,0) -> 0 | BR13: =IF(BE13=1,AX13,0) -> 0 | BS13: =IF(AND(BE13=1,D13="Malcolm",BA13>0),MIN(BH13,SUMPRODUCT((R_Emp="proMX")*(R_EN>0)*((R_EN-(R_EN>BR13)*(R_EN-BR13))>(R_SN+(R_SN<BQ13)*(BQ13-R_SN)))*((R_EN-(R_EN>BR13)*(R_EN-BR13))-(R_SN+(R_SN<BQ13)*(BQ13-R_SN))))/60),0) -> 0 | BT13: =IF(AND(BE13=1,D13="proMX"),ROUND(BI13*CFG_RATE+BJ13*CFG_OTRATE,6),0) -> 0 | BU13: =IF(AND(BD13=1,D13="proMX"),ROUND(AG13/CFG_BLK,6),0) -> 0 | BV13: =IF(BF13="Approved",IF(ISNUMBER(T13),INT(T13),INT(B13)),"") | BW13: =IF(ISNUMBER(B13),IF(DB_MON="Todos",1,IF(AND(INT(B13)>=DB_MS,INT(B13)<=DB_ME),1,0)),0) -> 0 | BX13: =IF(DB_PROJ="Todos",1,IF(E13&""=DB_PROJ&"",1,0)) -> 1 | BY13: =BW13*BX13 -> 0 | BZ13: =IF(Y13=1,F13&IF(AND(F13&""<>"",E13&""<>"")," · ","")&E13,"") | CA13: =IF(AND(BD13=1,E13&""<>""),IF(COUNTIFS($E$5:E12,E13,$BD$5:BD12,1)=0,MAX($CA$5:CA12)+1,""),"") | CB13: =IF(AND(BE13=1,D13="Malcolm",E13&""<>""),IF(COUNTIFS($D$5:D12,"Malcolm",$E$5:E12,E13,$BE$5:BE12,1)=0,MAX($CB$5:CB12)+1,""),"") | CC13: =IF(AND(BD13=1,D13="proMX",E13&""<>""),IF(COUNTIFS($D$5:D12,"proMX",$E$5:E12,E13,$BD$5:BD12,1)=0,MAX($CC$5:CC12)+1,""),"") | CD13: =IF(AND(BE13=1,D13="Malcolm",F13&""<>""),IF(COUNTIFS($D$5:D12,"Malcolm",$F$5:F12,F13,$BE$5:BE12,1)=0,MAX($CD$5:CD12)+1,""),"") | CE13: =IF(AND(BD13=1,D13="proMX",F13&""<>""),IF(COUNTIFS($D$5:D12,"proMX",$F$5:F12,F13,$BD$5:BD12,1)=0,MAX($CE$5:CE12)+1,""),"") | CF13: =IF(AND(D13="proMX",BD13=1),IF(OR(BF13="Draft",BF13="Submitted",BF13="Returned",BF13="Recall Requested"),MAX($CF$5:CF12)+1,""),"") | CG13: =IF(BD13=0,0,IF(D13="Malcolm",1,MATCH(BF13,{"Draft","Submitted","Approved","Returned","Recall Requested","Cancelled"},0)+1)) -> 0 | CH13: =IF(AND(BF13="Submitted",ISNUMBER(V13)),IF(V13>CFG_MAXD,1,0),0) -> 0
A14: =IF(Y14=1,ROW()-5,"") | C14: =IF(ISNUMBER(B14),CHOOSE(WEEKDAY(B14,2),"Lun","Mar","Mié","Jue","Vie","Sáb","Dom"),"") | K14: =IF(AB14=1,ROUND(AG14/60,4),"") | L14: =IF(BD14=1,ROUND(AP14/60,4),"") | M14: =IF(BD14=1,ROUND(AQ14/60,4),"") | N14: =IF(AND(D14="proMX",AB14=1),ROUND(AG14/CFG_BLK,2),"") | O14: =IF(D14="proMX",IF(BD14=1,ROUND(AG14/60,4),0),"") | P14: =IF(Y14=0,"",IF(BD14=1,"OK",IF(D14="proMX","Revisar bloques: ","Revisar: ")&BC14)) | Q14: =IF(NOT(ISNUMBER(B14)),"",IF(COUNTIFS(FER_F,INT(B14))>0,"Feriado"&IF(AH14=1," (laborable)"," (no laborable)"),IF(AH14=1,"Laborable",IF(WEEKDAY(B14,2)>5,"Fin de semana","No laborable")))) | V14: =IF(AND(D14="proMX",OR(R14="Submitted",R14="Recall Requested"),ISNUMBER(S14)),CFG_TODAY-INT(S14),"") | W14: =IF(BD14=0,"",IF(BA14>0,"⚠ Se superpone con un registro de la otra empresa",IF(D14="Malcolm",IF(COUNTA(R14,S14,T14)>0,"Estado/fechas proMX se ignoran en Malcolm",""),IF(BF14="Cancelled","Cancelado: excluido de totales",IF(R14="","Sin estado: se trata como Draft",IF(BF14="Submitted",IF(ISNUMBER(V14),IF(V14>CFG_MAXD,"⚠ "&V14&" días en Submitted (máx. "&CFG_MAXD&")",""),"Falta fecha de envío"),IF(BF14="Returned","⚠ Devuelto: corregir y reenviar",IF(BF14="Recall Requested","Retirada solicitada: pendiente",IF(AND(BF14="Approved",NOT(ISNUMBER(T14))),"Falta fecha de aprobación",IF(AND(ISNUMBER(S14),ISNUMBER(T14),T14<S14),"Aprobación anterior al envío",""))))))))) | Y14: =IF(COUNTA(B14,D14,E14,F14,G14,H14,I14,J14,R14,S14,T14)>0,1,0) -> 0 | Z14: =IF(AND(ISNUMBER(H14),H14>=0,H14<1),ROUND(H14*1440,0),"") | AA14: =IF(AND(ISNUMBER(I14),I14>=0,I14<1),ROUND(I14*1440,0),"") | AB14: =IF(AND(ISNUMBER(B14),D14<>"",ISNUMBER(Z14),ISNUMBER(AA14)),IF(Z14=AA14,0,1),0) -> 0 | AC14: =IF(AB14=1,IF(AA14<Z14,1,0),0) -> 0 | AD14: =IF(AB14=1,IF(AC14=1,1440-Z14+AA14,AA14-Z14),0) -> 0 | AE14: =IF(J14="",0,IF(ISNUMBER(J14),J14,-1)) -> 0 | AF14: =MIN(MAX(0,AE14),AD14) -> 0 | AG14: =MAX(0,AD14-MAX(0,AE14)) -> 0 | AH14: =IF(ISNUMBER(B14),IF(AND(INDEX(CFG_WDAYS,WEEKDAY(INT(B14),2))="Sí",IF(D14="proMX",COUNTIFS(FER_F,INT(B14),FER_NLP,"Sí"),COUNTIFS(FER_F,INT(B14),FER_NLM,"Sí"))=0),1,0),0) -> 0 | AI14: =IF(AC14=1,IF(AND(INDEX(CFG_WDAYS,WEEKDAY(INT(B14)+1,2))="Sí",IF(D14="proMX",COUNTIFS(FER_F,INT(B14)+1,FER_NLP,"Sí"),COUNTIFS(FER_F,INT(B14)+1,FER_NLM,"Sí"))=0),1,0),0) -> 0 | AJ14: =IF(AC14=1,1440-Z14,AD14) -> 0 | AK14: =IF(AND(AB14=1,AH14=1),MAX(0,MIN(IF(AC14=1,1440,AA14),CFG_WEM)-MAX(Z14,CFG_WSM)),0) -> 0 | AL14: =IF(AND(AC14=1,AI14=1),MAX(0,MIN(AA14,CFG_WEM)-CFG_WSM),0) -> 0 | AM14: =AK14+AL14 -> 0 | AN14: =IF(CFG_BRK="Proporcional",IF(AD14=0,0,AF14*AM14/AD14),IF(CFG_BRK="Extras primero",MIN(AM14,MAX(0,AF14-(AD14-AM14))),MIN(AF14,AM14))) -> 0 | AO14: =AF14-AN14 -> 0 | AP14: =AM14-AN14 -> 0 | AQ14: =AD14-AM14-AO14 -> 0 | AR14: =IF(AM14=0,0,AK14-AN14*AK14/AM14) -> 0 | AS14: =IF(AD14-AM14=0,0,(AJ14-AK14)-AO14*(AJ14-AK14)/(AD14-AM14)) -> 0 | AT14: =IF(AC14=1,INT(B14)+1,"") | AU14: =IF(AND(D14="proMX",R14="Cancelled"),0,1) -> 1 | AV14: =IF(AND(AB14=1,AU14=1),IF(COUNTIFS($D$5:D13,D14,$B$5:B13,B14,$Z$5:Z13,Z14,$AA$5:AA13,AA14,$F$5:F13,F14&"",$AU$5:AU13,1)>0,1,0),0) -> 0 | AW14: =IF(AB14=1,INT(B14)*1440+Z14,"") | AX14: =IF(AB14=1,AW14+AD14,"") | AY14: =IF(AND(AB14=1,AV14=0,AU14=1),1,0) -> 0 | AZ14: =IF(AY14=1,COUNTIFS(R_Emp,D14,R_SAbs,"<"&AX14,R_EAbs,">"&AW14,R_OKey,1)-1,0) -> 0 | BA14: =IF(AY14=1,COUNTIFS(R_Emp,"<>"&D14,R_SAbs,"<"&AX14,R_EAbs,">"&AW14,R_OKey,1),0) -> 0 | BB14: =IF(AND(AB14=1,D14="proMX"),IF(AND(MOD(Z14,CFG_BLK)=0,MOD(AA14,CFG_BLK)=0,MOD(AG14,CFG_BLK)=0,AG14>0),1,0),1) -> 1 | BC14: =IF(Y14=0,"",IF(NOT(ISNUMBER(B14)),"Falta fecha o fecha inválida",IF(D14="","Falta empresa",IF(AND(D14<>"Malcolm",D14<>"proMX"),"Empresa inválida",IF(OR(INT(B14)<CFG_PSTART,INT(B14)>CFG_PEND),"Fecha fuera del período",IF(OR(NOT(ISNUMBER(Z14)),NOT(ISNUMBER(AA14))),"Falta hora inicio/fin o formato inválido",IF(AB14=0,"Hora inicio = hora fin",IF(AE14<0,"Descanso inválido",IF(AE14>=AD14,"Descanso ≥ duración",IF(AV14=1,"Registro duplicado",IF(AZ14>0,"Se superpone con otro registro "&D14,IF(BB14=0,"inicio, fin y duración neta deben ser múltiplos de "&CFG_BLK&" min","")))))))))))) | BD14: =IF(AND(Y14=1,BC14=""),1,0) -> 0 | BE14: =IF(AND(BD14=1,AU14=1),1,0) -> 0 | BF14: =IF(AND(D14="proMX",BD14=1),IF(R14="","Draft",R14),"") | BG14: =IF(BD14=1,ROUND(AG14/60,6),0) -> 0 | BH14: =IF(BE14=1,ROUND(AG14/60,6),0) -> 0 | BI14: =IF(BE14=1,ROUND(AP14/60,6),0) -> 0 | BJ14: =IF(BE14=1,ROUND(AQ14/60,6),0) -> 0 | BK14: =IF(BE14=1,ROUND((AR14+AS14)/60,6),0) -> 0 | BL14: =ROUND(BH14-BK14,6) -> 0 | BM14: =IF(BE14=1,ROUND(AR14/60,6),0) -> 0 | BN14: =ROUND(BI14-BM14,6) -> 0 | BO14: =IF(BE14=1,ROUND(AS14/60,6),0) -> 0 | BP14: =ROUND(BJ14-BO14,6) -> 0 | BQ14: =IF(BE14=1,AW14,0) -> 0 | BR14: =IF(BE14=1,AX14,0) -> 0 | BS14: =IF(AND(BE14=1,D14="Malcolm",BA14>0),MIN(BH14,SUMPRODUCT((R_Emp="proMX")*(R_EN>0)*((R_EN-(R_EN>BR14)*(R_EN-BR14))>(R_SN+(R_SN<BQ14)*(BQ14-R_SN)))*((R_EN-(R_EN>BR14)*(R_EN-BR14))-(R_SN+(R_SN<BQ14)*(BQ14-R_SN))))/60),0) -> 0 | BT14: =IF(AND(BE14=1,D14="proMX"),ROUND(BI14*CFG_RATE+BJ14*CFG_OTRATE,6),0) -> 0 | BU14: =IF(AND(BD14=1,D14="proMX"),ROUND(AG14/CFG_BLK,6),0) -> 0 | BV14: =IF(BF14="Approved",IF(ISNUMBER(T14),INT(T14),INT(B14)),"") | BW14: =IF(ISNUMBER(B14),IF(DB_MON="Todos",1,IF(AND(INT(B14)>=DB_MS,INT(B14)<=DB_ME),1,0)),0) -> 0 | BX14: =IF(DB_PROJ="Todos",1,IF(E14&""=DB_PROJ&"",1,0)) -> 1 | BY14: =BW14*BX14 -> 0 | BZ14: =IF(Y14=1,F14&IF(AND(F14&""<>"",E14&""<>"")," · ","")&E14,"") | CA14: =IF(AND(BD14=1,E14&""<>""),IF(COUNTIFS($E$5:E13,E14,$BD$5:BD13,1)=0,MAX($CA$5:CA13)+1,""),"") | CB14: =IF(AND(BE14=1,D14="Malcolm",E14&""<>""),IF(COUNTIFS($D$5:D13,"Malcolm",$E$5:E13,E14,$BE$5:BE13,1)=0,MAX($CB$5:CB13)+1,""),"") | CC14: =IF(AND(BD14=1,D14="proMX",E14&""<>""),IF(COUNTIFS($D$5:D13,"proMX",$E$5:E13,E14,$BD$5:BD13,1)=0,MAX($CC$5:CC13)+1,""),"") | CD14: =IF(AND(BE14=1,D14="Malcolm",F14&""<>""),IF(COUNTIFS($D$5:D13,"Malcolm",$F$5:F13,F14,$BE$5:BE13,1)=0,MAX($CD$5:CD13)+1,""),"") | CE14: =IF(AND(BD14=1,D14="proMX",F14&""<>""),IF(COUNTIFS($D$5:D13,"proMX",$F$5:F13,F14,$BD$5:BD13,1)=0,MAX($CE$5:CE13)+1,""),"") | CF14: =IF(AND(D14="proMX",BD14=1),IF(OR(BF14="Draft",BF14="Submitted",BF14="Returned",BF14="Recall Requested"),MAX($CF$5:CF13)+1,""),"") | CG14: =IF(BD14=0,0,IF(D14="Malcolm",1,MATCH(BF14,{"Draft","Submitted","Approved","Returned","Recall Requested","Cancelled"},0)+1)) -> 0 | CH14: =IF(AND(BF14="Submitted",ISNUMBER(V14)),IF(V14>CFG_MAXD,1,0),0) -> 0
A15: =IF(Y15=1,ROW()-5,"") | C15: =IF(ISNUMBER(B15),CHOOSE(WEEKDAY(B15,2),"Lun","Mar","Mié","Jue","Vie","Sáb","Dom"),"") | K15: =IF(AB15=1,ROUND(AG15/60,4),"") | L15: =IF(BD15=1,ROUND(AP15/60,4),"") | M15: =IF(BD15=1,ROUND(AQ15/60,4),"") | N15: =IF(AND(D15="proMX",AB15=1),ROUND(AG15/CFG_BLK,2),"") | O15: =IF(D15="proMX",IF(BD15=1,ROUND(AG15/60,4),0),"") | P15: =IF(Y15=0,"",IF(BD15=1,"OK",IF(D15="proMX","Revisar bloques: ","Revisar: ")&BC15)) | Q15: =IF(NOT(ISNUMBER(B15)),"",IF(COUNTIFS(FER_F,INT(B15))>0,"Feriado"&IF(AH15=1," (laborable)"," (no laborable)"),IF(AH15=1,"Laborable",IF(WEEKDAY(B15,2)>5,"Fin de semana","No laborable")))) | V15: =IF(AND(D15="proMX",OR(R15="Submitted",R15="Recall Requested"),ISNUMBER(S15)),CFG_TODAY-INT(S15),"") | W15: =IF(BD15=0,"",IF(BA15>0,"⚠ Se superpone con un registro de la otra empresa",IF(D15="Malcolm",IF(COUNTA(R15,S15,T15)>0,"Estado/fechas proMX se ignoran en Malcolm",""),IF(BF15="Cancelled","Cancelado: excluido de totales",IF(R15="","Sin estado: se trata como Draft",IF(BF15="Submitted",IF(ISNUMBER(V15),IF(V15>CFG_MAXD,"⚠ "&V15&" días en Submitted (máx. "&CFG_MAXD&")",""),"Falta fecha de envío"),IF(BF15="Returned","⚠ Devuelto: corregir y reenviar",IF(BF15="Recall Requested","Retirada solicitada: pendiente",IF(AND(BF15="Approved",NOT(ISNUMBER(T15))),"Falta fecha de aprobación",IF(AND(ISNUMBER(S15),ISNUMBER(T15),T15<S15),"Aprobación anterior al envío",""))))))))) | Y15: =IF(COUNTA(B15,D15,E15,F15,G15,H15,I15,J15,R15,S15,T15)>0,1,0) -> 0 | Z15: =IF(AND(ISNUMBER(H15),H15>=0,H15<1),ROUND(H15*1440,0),"") | AA15: =IF(AND(ISNUMBER(I15),I15>=0,I15<1),ROUND(I15*1440,0),"") | AB15: =IF(AND(ISNUMBER(B15),D15<>"",ISNUMBER(Z15),ISNUMBER(AA15)),IF(Z15=AA15,0,1),0) -> 0 | AC15: =IF(AB15=1,IF(AA15<Z15,1,0),0) -> 0 | AD15: =IF(AB15=1,IF(AC15=1,1440-Z15+AA15,AA15-Z15),0) -> 0 | AE15: =IF(J15="",0,IF(ISNUMBER(J15),J15,-1)) -> 0 | AF15: =MIN(MAX(0,AE15),AD15) -> 0 | AG15: =MAX(0,AD15-MAX(0,AE15)) -> 0 | AH15: =IF(ISNUMBER(B15),IF(AND(INDEX(CFG_WDAYS,WEEKDAY(INT(B15),2))="Sí",IF(D15="proMX",COUNTIFS(FER_F,INT(B15),FER_NLP,"Sí"),COUNTIFS(FER_F,INT(B15),FER_NLM,"Sí"))=0),1,0),0) -> 0 | AI15: =IF(AC15=1,IF(AND(INDEX(CFG_WDAYS,WEEKDAY(INT(B15)+1,2))="Sí",IF(D15="proMX",COUNTIFS(FER_F,INT(B15)+1,FER_NLP,"Sí"),COUNTIFS(FER_F,INT(B15)+1,FER_NLM,"Sí"))=0),1,0),0) -> 0 | AJ15: =IF(AC15=1,1440-Z15,AD15) -> 0 | AK15: =IF(AND(AB15=1,AH15=1),MAX(0,MIN(IF(AC15=1,1440,AA15),CFG_WEM)-MAX(Z15,CFG_WSM)),0) -> 0 | AL15: =IF(AND(AC15=1,AI15=1),MAX(0,MIN(AA15,CFG_WEM)-CFG_WSM),0) -> 0 | AM15: =AK15+AL15 -> 0 | AN15: =IF(CFG_BRK="Proporcional",IF(AD15=0,0,AF15*AM15/AD15),IF(CFG_BRK="Extras primero",MIN(AM15,MAX(0,AF15-(AD15-AM15))),MIN(AF15,AM15))) -> 0 | AO15: =AF15-AN15 -> 0 | AP15: =AM15-AN15 -> 0 | AQ15: =AD15-AM15-AO15 -> 0 | AR15: =IF(AM15=0,0,AK15-AN15*AK15/AM15) -> 0 | AS15: =IF(AD15-AM15=0,0,(AJ15-AK15)-AO15*(AJ15-AK15)/(AD15-AM15)) -> 0 | AT15: =IF(AC15=1,INT(B15)+1,"") | AU15: =IF(AND(D15="proMX",R15="Cancelled"),0,1) -> 1 | AV15: =IF(AND(AB15=1,AU15=1),IF(COUNTIFS($D$5:D14,D15,$B$5:B14,B15,$Z$5:Z14,Z15,$AA$5:AA14,AA15,$F$5:F14,F15&"",$AU$5:AU14,1)>0,1,0),0) -> 0 | AW15: =IF(AB15=1,INT(B15)*1440+Z15,"") | AX15: =IF(AB15=1,AW15+AD15,"") | AY15: =IF(AND(AB15=1,AV15=0,AU15=1),1,0) -> 0 | AZ15: =IF(AY15=1,COUNTIFS(R_Emp,D15,R_SAbs,"<"&AX15,R_EAbs,">"&AW15,R_OKey,1)-1,0) -> 0 | BA15: =IF(AY15=1,COUNTIFS(R_Emp,"<>"&D15,R_SAbs,"<"&AX15,R_EAbs,">"&AW15,R_OKey,1),0) -> 0 | BB15: =IF(AND(AB15=1,D15="proMX"),IF(AND(MOD(Z15,CFG_BLK)=0,MOD(AA15,CFG_BLK)=0,MOD(AG15,CFG_BLK)=0,AG15>0),1,0),1) -> 1 | BC15: =IF(Y15=0,"",IF(NOT(ISNUMBER(B15)),"Falta fecha o fecha inválida",IF(D15="","Falta empresa",IF(AND(D15<>"Malcolm",D15<>"proMX"),"Empresa inválida",IF(OR(INT(B15)<CFG_PSTART,INT(B15)>CFG_PEND),"Fecha fuera del período",IF(OR(NOT(ISNUMBER(Z15)),NOT(ISNUMBER(AA15))),"Falta hora inicio/fin o formato inválido",IF(AB15=0,"Hora inicio = hora fin",IF(AE15<0,"Descanso inválido",IF(AE15>=AD15,"Descanso ≥ duración",IF(AV15=1,"Registro duplicado",IF(AZ15>0,"Se superpone con otro registro "&D15,IF(BB15=0,"inicio, fin y duración neta deben ser múltiplos de "&CFG_BLK&" min","")))))))))))) | BD15: =IF(AND(Y15=1,BC15=""),1,0) -> 0 | BE15: =IF(AND(BD15=1,AU15=1),1,0) -> 0 | BF15: =IF(AND(D15="proMX",BD15=1),IF(R15="","Draft",R15),"") | BG15: =IF(BD15=1,ROUND(AG15/60,6),0) -> 0 | BH15: =IF(BE15=1,ROUND(AG15/60,6),0) -> 0 | BI15: =IF(BE15=1,ROUND(AP15/60,6),0) -> 0 | BJ15: =IF(BE15=1,ROUND(AQ15/60,6),0) -> 0 | BK15: =IF(BE15=1,ROUND((AR15+AS15)/60,6),0) -> 0 | BL15: =ROUND(BH15-BK15,6) -> 0 | BM15: =IF(BE15=1,ROUND(AR15/60,6),0) -> 0 | BN15: =ROUND(BI15-BM15,6) -> 0 | BO15: =IF(BE15=1,ROUND(AS15/60,6),0) -> 0 | BP15: =ROUND(BJ15-BO15,6) -> 0 | BQ15: =IF(BE15=1,AW15,0) -> 0 | BR15: =IF(BE15=1,AX15,0) -> 0 | BS15: =IF(AND(BE15=1,D15="Malcolm",BA15>0),MIN(BH15,SUMPRODUCT((R_Emp="proMX")*(R_EN>0)*((R_EN-(R_EN>BR15)*(R_EN-BR15))>(R_SN+(R_SN<BQ15)*(BQ15-R_SN)))*((R_EN-(R_EN>BR15)*(R_EN-BR15))-(R_SN+(R_SN<BQ15)*(BQ15-R_SN))))/60),0) -> 0 | BT15: =IF(AND(BE15=1,D15="proMX"),ROUND(BI15*CFG_RATE+BJ15*CFG_OTRATE,6),0) -> 0 | BU15: =IF(AND(BD15=1,D15="proMX"),ROUND(AG15/CFG_BLK,6),0) -> 0 | BV15: =IF(BF15="Approved",IF(ISNUMBER(T15),INT(T15),INT(B15)),"") | BW15: =IF(ISNUMBER(B15),IF(DB_MON="Todos",1,IF(AND(INT(B15)>=DB_MS,INT(B15)<=DB_ME),1,0)),0) -> 0 | BX15: =IF(DB_PROJ="Todos",1,IF(E15&""=DB_PROJ&"",1,0)) -> 1 | BY15: =BW15*BX15 -> 0 | BZ15: =IF(Y15=1,F15&IF(AND(F15&""<>"",E15&""<>"")," · ","")&E15,"") | CA15: =IF(AND(BD15=1,E15&""<>""),IF(COUNTIFS($E$5:E14,E15,$BD$5:BD14,1)=0,MAX($CA$5:CA14)+1,""),"") | CB15: =IF(AND(BE15=1,D15="Malcolm",E15&""<>""),IF(COUNTIFS($D$5:D14,"Malcolm",$E$5:E14,E15,$BE$5:BE14,1)=0,MAX($CB$5:CB14)+1,""),"") | CC15: =IF(AND(BD15=1,D15="proMX",E15&""<>""),IF(COUNTIFS($D$5:D14,"proMX",$E$5:E14,E15,$BD$5:BD14,1)=0,MAX($CC$5:CC14)+1,""),"") | CD15: =IF(AND(BE15=1,D15="Malcolm",F15&""<>""),IF(COUNTIFS($D$5:D14,"Malcolm",$F$5:F14,F15,$BE$5:BE14,1)=0,MAX($CD$5:CD14)+1,""),"") | CE15: =IF(AND(BD15=1,D15="proMX",F15&""<>""),IF(COUNTIFS($D$5:D14,"proMX",$F$5:F14,F15,$BD$5:BD14,1)=0,MAX($CE$5:CE14)+1,""),"") | CF15: =IF(AND(D15="proMX",BD15=1),IF(OR(BF15="Draft",BF15="Submitted",BF15="Returned",BF15="Recall Requested"),MAX($CF$5:CF14)+1,""),"") | CG15: =IF(BD15=0,0,IF(D15="Malcolm",1,MATCH(BF15,{"Draft","Submitted","Approved","Returned","Recall Requested","Cancelled"},0)+1)) -> 0 | CH15: =IF(AND(BF15="Submitted",ISNUMBER(V15)),IF(V15>CFG_MAXD,1,0),0) -> 0
A16: =IF(Y16=1,ROW()-5,"") | C16: =IF(ISNUMBER(B16),CHOOSE(WEEKDAY(B16,2),"Lun","Mar","Mié","Jue","Vie","Sáb","Dom"),"") | K16: =IF(AB16=1,ROUND(AG16/60,4),"") | L16: =IF(BD16=1,ROUND(AP16/60,4),"") | M16: =IF(BD16=1,ROUND(AQ16/60,4),"") | N16: =IF(AND(D16="proMX",AB16=1),ROUND(AG16/CFG_BLK,2),"") | O16: =IF(D16="proMX",IF(BD16=1,ROUND(AG16/60,4),0),"") | P16: =IF(Y16=0,"",IF(BD16=1,"OK",IF(D16="proMX","Revisar bloques: ","Revisar: ")&BC16)) | Q16: =IF(NOT(ISNUMBER(B16)),"",IF(COUNTIFS(FER_F,INT(B16))>0,"Feriado"&IF(AH16=1," (laborable)"," (no laborable)"),IF(AH16=1,"Laborable",IF(WEEKDAY(B16,2)>5,"Fin de semana","No laborable")))) | V16: =IF(AND(D16="proMX",OR(R16="Submitted",R16="Recall Requested"),ISNUMBER(S16)),CFG_TODAY-INT(S16),"") | W16: =IF(BD16=0,"",IF(BA16>0,"⚠ Se superpone con un registro de la otra empresa",IF(D16="Malcolm",IF(COUNTA(R16,S16,T16)>0,"Estado/fechas proMX se ignoran en Malcolm",""),IF(BF16="Cancelled","Cancelado: excluido de totales",IF(R16="","Sin estado: se trata como Draft",IF(BF16="Submitted",IF(ISNUMBER(V16),IF(V16>CFG_MAXD,"⚠ "&V16&" días en Submitted (máx. "&CFG_MAXD&")",""),"Falta fecha de envío"),IF(BF16="Returned","⚠ Devuelto: corregir y reenviar",IF(BF16="Recall Requested","Retirada solicitada: pendiente",IF(AND(BF16="Approved",NOT(ISNUMBER(T16))),"Falta fecha de aprobación",IF(AND(ISNUMBER(S16),ISNUMBER(T16),T16<S16),"Aprobación anterior al envío",""))))))))) | Y16: =IF(COUNTA(B16,D16,E16,F16,G16,H16,I16,J16,R16,S16,T16)>0,1,0) -> 0 | Z16: =IF(AND(ISNUMBER(H16),H16>=0,H16<1),ROUND(H16*1440,0),"") | AA16: =IF(AND(ISNUMBER(I16),I16>=0,I16<1),ROUND(I16*1440,0),"") | AB16: =IF(AND(ISNUMBER(B16),D16<>"",ISNUMBER(Z16),ISNUMBER(AA16)),IF(Z16=AA16,0,1),0) -> 0 | AC16: =IF(AB16=1,IF(AA16<Z16,1,0),0) -> 0 | AD16: =IF(AB16=1,IF(AC16=1,1440-Z16+AA16,AA16-Z16),0) -> 0 | AE16: =IF(J16="",0,IF(ISNUMBER(J16),J16,-1)) -> 0 | AF16: =MIN(MAX(0,AE16),AD16) -> 0 | AG16: =MAX(0,AD16-MAX(0,AE16)) -> 0 | AH16: =IF(ISNUMBER(B16),IF(AND(INDEX(CFG_WDAYS,WEEKDAY(INT(B16),2))="Sí",IF(D16="proMX",COUNTIFS(FER_F,INT(B16),FER_NLP,"Sí"),COUNTIFS(FER_F,INT(B16),FER_NLM,"Sí"))=0),1,0),0) -> 0 | AI16: =IF(AC16=1,IF(AND(INDEX(CFG_WDAYS,WEEKDAY(INT(B16)+1,2))="Sí",IF(D16="proMX",COUNTIFS(FER_F,INT(B16)+1,FER_NLP,"Sí"),COUNTIFS(FER_F,INT(B16)+1,FER_NLM,"Sí"))=0),1,0),0) -> 0 | AJ16: =IF(AC16=1,1440-Z16,AD16) -> 0 | AK16: =IF(AND(AB16=1,AH16=1),MAX(0,MIN(IF(AC16=1,1440,AA16),CFG_WEM)-MAX(Z16,CFG_WSM)),0) -> 0 | AL16: =IF(AND(AC16=1,AI16=1),MAX(0,MIN(AA16,CFG_WEM)-CFG_WSM),0) -> 0 | AM16: =AK16+AL16 -> 0 | AN16: =IF(CFG_BRK="Proporcional",IF(AD16=0,0,AF16*AM16/AD16),IF(CFG_BRK="Extras primero",MIN(AM16,MAX(0,AF16-(AD16-AM16))),MIN(AF16,AM16))) -> 0 | AO16: =AF16-AN16 -> 0 | AP16: =AM16-AN16 -> 0 | AQ16: =AD16-AM16-AO16 -> 0 | AR16: =IF(AM16=0,0,AK16-AN16*AK16/AM16) -> 0 | AS16: =IF(AD16-AM16=0,0,(AJ16-AK16)-AO16*(AJ16-AK16)/(AD16-AM16)) -> 0 | AT16: =IF(AC16=1,INT(B16)+1,"") | AU16: =IF(AND(D16="proMX",R16="Cancelled"),0,1) -> 1 | AV16: =IF(AND(AB16=1,AU16=1),IF(COUNTIFS($D$5:D15,D16,$B$5:B15,B16,$Z$5:Z15,Z16,$AA$5:AA15,AA16,$F$5:F15,F16&"",$AU$5:AU15,1)>0,1,0),0) -> 0 | AW16: =IF(AB16=1,INT(B16)*1440+Z16,"") | AX16: =IF(AB16=1,AW16+AD16,"") | AY16: =IF(AND(AB16=1,AV16=0,AU16=1),1,0) -> 0 | AZ16: =IF(AY16=1,COUNTIFS(R_Emp,D16,R_SAbs,"<"&AX16,R_EAbs,">"&AW16,R_OKey,1)-1,0) -> 0 | BA16: =IF(AY16=1,COUNTIFS(R_Emp,"<>"&D16,R_SAbs,"<"&AX16,R_EAbs,">"&AW16,R_OKey,1),0) -> 0 | BB16: =IF(AND(AB16=1,D16="proMX"),IF(AND(MOD(Z16,CFG_BLK)=0,MOD(AA16,CFG_BLK)=0,MOD(AG16,CFG_BLK)=0,AG16>0),1,0),1) -> 1 | BC16: =IF(Y16=0,"",IF(NOT(ISNUMBER(B16)),"Falta fecha o fecha inválida",IF(D16="","Falta empresa",IF(AND(D16<>"Malcolm",D16<>"proMX"),"Empresa inválida",IF(OR(INT(B16)<CFG_PSTART,INT(B16)>CFG_PEND),"Fecha fuera del período",IF(OR(NOT(ISNUMBER(Z16)),NOT(ISNUMBER(AA16))),"Falta hora inicio/fin o formato inválido",IF(AB16=0,"Hora inicio = hora fin",IF(AE16<0,"Descanso inválido",IF(AE16>=AD16,"Descanso ≥ duración",IF(AV16=1,"Registro duplicado",IF(AZ16>0,"Se superpone con otro registro "&D16,IF(BB16=0,"inicio, fin y duración neta deben ser múltiplos de "&CFG_BLK&" min","")))))))))))) | BD16: =IF(AND(Y16=1,BC16=""),1,0) -> 0 | BE16: =IF(AND(BD16=1,AU16=1),1,0) -> 0 | BF16: =IF(AND(D16="proMX",BD16=1),IF(R16="","Draft",R16),"") | BG16: =IF(BD16=1,ROUND(AG16/60,6),0) -> 0 | BH16: =IF(BE16=1,ROUND(AG16/60,6),0) -> 0 | BI16: =IF(BE16=1,ROUND(AP16/60,6),0) -> 0 | BJ16: =IF(BE16=1,ROUND(AQ16/60,6),0) -> 0 | BK16: =IF(BE16=1,ROUND((AR16+AS16)/60,6),0) -> 0 | BL16: =ROUND(BH16-BK16,6) -> 0 | BM16: =IF(BE16=1,ROUND(AR16/60,6),0) -> 0 | BN16: =ROUND(BI16-BM16,6) -> 0 | BO16: =IF(BE16=1,ROUND(AS16/60,6),0) -> 0 | BP16: =ROUND(BJ16-BO16,6) -> 0 | BQ16: =IF(BE16=1,AW16,0) -> 0 | BR16: =IF(BE16=1,AX16,0) -> 0 | BS16: =IF(AND(BE16=1,D16="Malcolm",BA16>0),MIN(BH16,SUMPRODUCT((R_Emp="proMX")*(R_EN>0)*((R_EN-(R_EN>BR16)*(R_EN-BR16))>(R_SN+(R_SN<BQ16)*(BQ16-R_SN)))*((R_EN-(R_EN>BR16)*(R_EN-BR16))-(R_SN+(R_SN<BQ16)*(BQ16-R_SN))))/60),0) -> 0 | BT16: =IF(AND(BE16=1,D16="proMX"),ROUND(BI16*CFG_RATE+BJ16*CFG_OTRATE,6),0) -> 0 | BU16: =IF(AND(BD16=1,D16="proMX"),ROUND(AG16/CFG_BLK,6),0) -> 0 | BV16: =IF(BF16="Approved",IF(ISNUMBER(T16),INT(T16),INT(B16)),"") | BW16: =IF(ISNUMBER(B16),IF(DB_MON="Todos",1,IF(AND(INT(B16)>=DB_MS,INT(B16)<=DB_ME),1,0)),0) -> 0 | BX16: =IF(DB_PROJ="Todos",1,IF(E16&""=DB_PROJ&"",1,0)) -> 1 | BY16: =BW16*BX16 -> 0 | BZ16: =IF(Y16=1,F16&IF(AND(F16&""<>"",E16&""<>"")," · ","")&E16,"") | CA16: =IF(AND(BD16=1,E16&""<>""),IF(COUNTIFS($E$5:E15,E16,$BD$5:BD15,1)=0,MAX($CA$5:CA15)+1,""),"") | CB16: =IF(AND(BE16=1,D16="Malcolm",E16&""<>""),IF(COUNTIFS($D$5:D15,"Malcolm",$E$5:E15,E16,$BE$5:BE15,1)=0,MAX($CB$5:CB15)+1,""),"") | CC16: =IF(AND(BD16=1,D16="proMX",E16&""<>""),IF(COUNTIFS($D$5:D15,"proMX",$E$5:E15,E16,$BD$5:BD15,1)=0,MAX($CC$5:CC15)+1,""),"") | CD16: =IF(AND(BE16=1,D16="Malcolm",F16&""<>""),IF(COUNTIFS($D$5:D15,"Malcolm",$F$5:F15,F16,$BE$5:BE15,1)=0,MAX($CD$5:CD15)+1,""),"") | CE16: =IF(AND(BD16=1,D16="proMX",F16&""<>""),IF(COUNTIFS($D$5:D15,"proMX",$F$5:F15,F16,$BD$5:BD15,1)=0,MAX($CE$5:CE15)+1,""),"") | CF16: =IF(AND(D16="proMX",BD16=1),IF(OR(BF16="Draft",BF16="Submitted",BF16="Returned",BF16="Recall Requested"),MAX($CF$5:CF15)+1,""),"") | CG16: =IF(BD16=0,0,IF(D16="Malcolm",1,MATCH(BF16,{"Draft","Submitted","Approved","Returned","Recall Requested","Cancelled"},0)+1)) -> 0 | CH16: =IF(AND(BF16="Submitted",ISNUMBER(V16)),IF(V16>CFG_MAXD,1,0),0) -> 0
A17: =IF(Y17=1,ROW()-5,"") | C17: =IF(ISNUMBER(B17),CHOOSE(WEEKDAY(B17,2),"Lun","Mar","Mié","Jue","Vie","Sáb","Dom"),"") | K17: =IF(AB17=1,ROUND(AG17/60,4),"") | L17: =IF(BD17=1,ROUND(AP17/60,4),"") | M17: =IF(BD17=1,ROUND(AQ17/60,4),"") | N17: =IF(AND(D17="proMX",AB17=1),ROUND(AG17/CFG_BLK,2),"") | O17: =IF(D17="proMX",IF(BD17=1,ROUND(AG17/60,4),0),"") | P17: =IF(Y17=0,"",IF(BD17=1,"OK",IF(D17="proMX","Revisar bloques: ","Revisar: ")&BC17)) | Q17: =IF(NOT(ISNUMBER(B17)),"",IF(COUNTIFS(FER_F,INT(B17))>0,"Feriado"&IF(AH17=1," (laborable)"," (no laborable)"),IF(AH17=1,"Laborable",IF(WEEKDAY(B17,2)>5,"Fin de semana","No laborable")))) | V17: =IF(AND(D17="proMX",OR(R17="Submitted",R17="Recall Requested"),ISNUMBER(S17)),CFG_TODAY-INT(S17),"") | W17: =IF(BD17=0,"",IF(BA17>0,"⚠ Se superpone con un registro de la otra empresa",IF(D17="Malcolm",IF(COUNTA(R17,S17,T17)>0,"Estado/fechas proMX se ignoran en Malcolm",""),IF(BF17="Cancelled","Cancelado: excluido de totales",IF(R17="","Sin estado: se trata como Draft",IF(BF17="Submitted",IF(ISNUMBER(V17),IF(V17>CFG_MAXD,"⚠ "&V17&" días en Submitted (máx. "&CFG_MAXD&")",""),"Falta fecha de envío"),IF(BF17="Returned","⚠ Devuelto: corregir y reenviar",IF(BF17="Recall Requested","Retirada solicitada: pendiente",IF(AND(BF17="Approved",NOT(ISNUMBER(T17))),"Falta fecha de aprobación",IF(AND(ISNUMBER(S17),ISNUMBER(T17),T17<S17),"Aprobación anterior al envío",""))))))))) | Y17: =IF(COUNTA(B17,D17,E17,F17,G17,H17,I17,J17,R17,S17,T17)>0,1,0) -> 0 | Z17: =IF(AND(ISNUMBER(H17),H17>=0,H17<1),ROUND(H17*1440,0),"") | AA17: =IF(AND(ISNUMBER(I17),I17>=0,I17<1),ROUND(I17*1440,0),"") | AB17: =IF(AND(ISNUMBER(B17),D17<>"",ISNUMBER(Z17),ISNUMBER(AA17)),IF(Z17=AA17,0,1),0) -> 0 | AC17: =IF(AB17=1,IF(AA17<Z17,1,0),0) -> 0 | AD17: =IF(AB17=1,IF(AC17=1,1440-Z17+AA17,AA17-Z17),0) -> 0 | AE17: =IF(J17="",0,IF(ISNUMBER(J17),J17,-1)) -> 0 | AF17: =MIN(MAX(0,AE17),AD17) -> 0 | AG17: =MAX(0,AD17-MAX(0,AE17)) -> 0 | AH17: =IF(ISNUMBER(B17),IF(AND(INDEX(CFG_WDAYS,WEEKDAY(INT(B17),2))="Sí",IF(D17="proMX",COUNTIFS(FER_F,INT(B17),FER_NLP,"Sí"),COUNTIFS(FER_F,INT(B17),FER_NLM,"Sí"))=0),1,0),0) -> 0 | AI17: =IF(AC17=1,IF(AND(INDEX(CFG_WDAYS,WEEKDAY(INT(B17)+1,2))="Sí",IF(D17="proMX",COUNTIFS(FER_F,INT(B17)+1,FER_NLP,"Sí"),COUNTIFS(FER_F,INT(B17)+1,FER_NLM,"Sí"))=0),1,0),0) -> 0 | AJ17: =IF(AC17=1,1440-Z17,AD17) -> 0 | AK17: =IF(AND(AB17=1,AH17=1),MAX(0,MIN(IF(AC17=1,1440,AA17),CFG_WEM)-MAX(Z17,CFG_WSM)),0) -> 0 | AL17: =IF(AND(AC17=1,AI17=1),MAX(0,MIN(AA17,CFG_WEM)-CFG_WSM),0) -> 0 | AM17: =AK17+AL17 -> 0 | AN17: =IF(CFG_BRK="Proporcional",IF(AD17=0,0,AF17*AM17/AD17),IF(CFG_BRK="Extras primero",MIN(AM17,MAX(0,AF17-(AD17-AM17))),MIN(AF17,AM17))) -> 0 | AO17: =AF17-AN17 -> 0 | AP17: =AM17-AN17 -> 0 | AQ17: =AD17-AM17-AO17 -> 0 | AR17: =IF(AM17=0,0,AK17-AN17*AK17/AM17) -> 0 | AS17: =IF(AD17-AM17=0,0,(AJ17-AK17)-AO17*(AJ17-AK17)/(AD17-AM17)) -> 0 | AT17: =IF(AC17=1,INT(B17)+1,"") | AU17: =IF(AND(D17="proMX",R17="Cancelled"),0,1) -> 1 | AV17: =IF(AND(AB17=1,AU17=1),IF(COUNTIFS($D$5:D16,D17,$B$5:B16,B17,$Z$5:Z16,Z17,$AA$5:AA16,AA17,$F$5:F16,F17&"",$AU$5:AU16,1)>0,1,0),0) -> 0 | AW17: =IF(AB17=1,INT(B17)*1440+Z17,"") | AX17: =IF(AB17=1,AW17+AD17,"") | AY17: =IF(AND(AB17=1,AV17=0,AU17=1),1,0) -> 0 | AZ17: =IF(AY17=1,COUNTIFS(R_Emp,D17,R_SAbs,"<"&AX17,R_EAbs,">"&AW17,R_OKey,1)-1,0) -> 0 | BA17: =IF(AY17=1,COUNTIFS(R_Emp,"<>"&D17,R_SAbs,"<"&AX17,R_EAbs,">"&AW17,R_OKey,1),0) -> 0 | BB17: =IF(AND(AB17=1,D17="proMX"),IF(AND(MOD(Z17,CFG_BLK)=0,MOD(AA17,CFG_BLK)=0,MOD(AG17,CFG_BLK)=0,AG17>0),1,0),1) -> 1 | BC17: =IF(Y17=0,"",IF(NOT(ISNUMBER(B17)),"Falta fecha o fecha inválida",IF(D17="","Falta empresa",IF(AND(D17<>"Malcolm",D17<>"proMX"),"Empresa inválida",IF(OR(INT(B17)<CFG_PSTART,INT(B17)>CFG_PEND),"Fecha fuera del período",IF(OR(NOT(ISNUMBER(Z17)),NOT(ISNUMBER(AA17))),"Falta hora inicio/fin o formato inválido",IF(AB17=0,"Hora inicio = hora fin",IF(AE17<0,"Descanso inválido",IF(AE17>=AD17,"Descanso ≥ duración",IF(AV17=1,"Registro duplicado",IF(AZ17>0,"Se superpone con otro registro "&D17,IF(BB17=0,"inicio, fin y duración neta deben ser múltiplos de "&CFG_BLK&" min","")))))))))))) | BD17: =IF(AND(Y17=1,BC17=""),1,0) -> 0 | BE17: =IF(AND(BD17=1,AU17=1),1,0) -> 0 | BF17: =IF(AND(D17="proMX",BD17=1),IF(R17="","Draft",R17),"") | BG17: =IF(BD17=1,ROUND(AG17/60,6),0) -> 0 | BH17: =IF(BE17=1,ROUND(AG17/60,6),0) -> 0 | BI17: =IF(BE17=1,ROUND(AP17/60,6),0) -> 0 | BJ17: =IF(BE17=1,ROUND(AQ17/60,6),0) -> 0 | BK17: =IF(BE17=1,ROUND((AR17+AS17)/60,6),0) -> 0 | BL17: =ROUND(BH17-BK17,6) -> 0 | BM17: =IF(BE17=1,ROUND(AR17/60,6),0) -> 0 | BN17: =ROUND(BI17-BM17,6) -> 0 | BO17: =IF(BE17=1,ROUND(AS17/60,6),0) -> 0 | BP17: =ROUND(BJ17-BO17,6) -> 0 | BQ17: =IF(BE17=1,AW17,0) -> 0 | BR17: =IF(BE17=1,AX17,0) -> 0 | BS17: =IF(AND(BE17=1,D17="Malcolm",BA17>0),MIN(BH17,SUMPRODUCT((R_Emp="proMX")*(R_EN>0)*((R_EN-(R_EN>BR17)*(R_EN-BR17))>(R_SN+(R_SN<BQ17)*(BQ17-R_SN)))*((R_EN-(R_EN>BR17)*(R_EN-BR17))-(R_SN+(R_SN<BQ17)*(BQ17-R_SN))))/60),0) -> 0 | BT17: =IF(AND(BE17=1,D17="proMX"),ROUND(BI17*CFG_RATE+BJ17*CFG_OTRATE,6),0) -> 0 | BU17: =IF(AND(BD17=1,D17="proMX"),ROUND(AG17/CFG_BLK,6),0) -> 0 | BV17: =IF(BF17="Approved",IF(ISNUMBER(T17),INT(T17),INT(B17)),"") | BW17: =IF(ISNUMBER(B17),IF(DB_MON="Todos",1,IF(AND(INT(B17)>=DB_MS,INT(B17)<=DB_ME),1,0)),0) -> 0 | BX17: =IF(DB_PROJ="Todos",1,IF(E17&""=DB_PROJ&"",1,0)) -> 1 | BY17: =BW17*BX17 -> 0 | BZ17: =IF(Y17=1,F17&IF(AND(F17&""<>"",E17&""<>"")," · ","")&E17,"") | CA17: =IF(AND(BD17=1,E17&""<>""),IF(COUNTIFS($E$5:E16,E17,$BD$5:BD16,1)=0,MAX($CA$5:CA16)+1,""),"") | CB17: =IF(AND(BE17=1,D17="Malcolm",E17&""<>""),IF(COUNTIFS($D$5:D16,"Malcolm",$E$5:E16,E17,$BE$5:BE16,1)=0,MAX($CB$5:CB16)+1,""),"") | CC17: =IF(AND(BD17=1,D17="proMX",E17&""<>""),IF(COUNTIFS($D$5:D16,"proMX",$E$5:E16,E17,$BD$5:BD16,1)=0,MAX($CC$5:CC16)+1,""),"") | CD17: =IF(AND(BE17=1,D17="Malcolm",F17&""<>""),IF(COUNTIFS($D$5:D16,"Malcolm",$F$5:F16,F17,$BE$5:BE16,1)=0,MAX($CD$5:CD16)+1,""),"") | CE17: =IF(AND(BD17=1,D17="proMX",F17&""<>""),IF(COUNTIFS($D$5:D16,"proMX",$F$5:F16,F17,$BD$5:BD16,1)=0,MAX($CE$5:CE16)+1,""),"") | CF17: =IF(AND(D17="proMX",BD17=1),IF(OR(BF17="Draft",BF17="Submitted",BF17="Returned",BF17="Recall Requested"),MAX($CF$5:CF16)+1,""),"") | CG17: =IF(BD17=0,0,IF(D17="Malcolm",1,MATCH(BF17,{"Draft","Submitted","Approved","Returned","Recall Requested","Cancelled"},0)+1)) -> 0 | CH17: =IF(AND(BF17="Submitted",ISNUMBER(V17)),IF(V17>CFG_MAXD,1,0),0) -> 0
A18: =IF(Y18=1,ROW()-5,"") | C18: =IF(ISNUMBER(B18),CHOOSE(WEEKDAY(B18,2),"Lun","Mar","Mié","Jue","Vie","Sáb","Dom"),"") | K18: =IF(AB18=1,ROUND(AG18/60,4),"") | L18: =IF(BD18=1,ROUND(AP18/60,4),"") | M18: =IF(BD18=1,ROUND(AQ18/60,4),"") | N18: =IF(AND(D18="proMX",AB18=1),ROUND(AG18/CFG_BLK,2),"") | O18: =IF(D18="proMX",IF(BD18=1,ROUND(AG18/60,4),0),"") | P18: =IF(Y18=0,"",IF(BD18=1,"OK",IF(D18="proMX","Revisar bloques: ","Revisar: ")&BC18)) | Q18: =IF(NOT(ISNUMBER(B18)),"",IF(COUNTIFS(FER_F,INT(B18))>0,"Feriado"&IF(AH18=1," (laborable)"," (no laborable)"),IF(AH18=1,"Laborable",IF(WEEKDAY(B18,2)>5,"Fin de semana","No laborable")))) | V18: =IF(AND(D18="proMX",OR(R18="Submitted",R18="Recall Requested"),ISNUMBER(S18)),CFG_TODAY-INT(S18),"") | W18: =IF(BD18=0,"",IF(BA18>0,"⚠ Se superpone con un registro de la otra empresa",IF(D18="Malcolm",IF(COUNTA(R18,S18,T18)>0,"Estado/fechas proMX se ignoran en Malcolm",""),IF(BF18="Cancelled","Cancelado: excluido de totales",IF(R18="","Sin estado: se trata como Draft",IF(BF18="Submitted",IF(ISNUMBER(V18),IF(V18>CFG_MAXD,"⚠ "&V18&" días en Submitted (máx. "&CFG_MAXD&")",""),"Falta fecha de envío"),IF(BF18="Returned","⚠ Devuelto: corregir y reenviar",IF(BF18="Recall Requested","Retirada solicitada: pendiente",IF(AND(BF18="Approved",NOT(ISNUMBER(T18))),"Falta fecha de aprobación",IF(AND(ISNUMBER(S18),ISNUMBER(T18),T18<S18),"Aprobación anterior al envío",""))))))))) | Y18: =IF(COUNTA(B18,D18,E18,F18,G18,H18,I18,J18,R18,S18,T18)>0,1,0) -> 0 | Z18: =IF(AND(ISNUMBER(H18),H18>=0,H18<1),ROUND(H18*1440,0),"") | AA18: =IF(AND(ISNUMBER(I18),I18>=0,I18<1),ROUND(I18*1440,0),"") | AB18: =IF(AND(ISNUMBER(B18),D18<>"",ISNUMBER(Z18),ISNUMBER(AA18)),IF(Z18=AA18,0,1),0) -> 0 | AC18: =IF(AB18=1,IF(AA18<Z18,1,0),0) -> 0 | AD18: =IF(AB18=1,IF(AC18=1,1440-Z18+AA18,AA18-Z18),0) -> 0 | AE18: =IF(J18="",0,IF(ISNUMBER(J18),J18,-1)) -> 0 | AF18: =MIN(MAX(0,AE18),AD18) -> 0 | AG18: =MAX(0,AD18-MAX(0,AE18)) -> 0 | AH18: =IF(ISNUMBER(B18),IF(AND(INDEX(CFG_WDAYS,WEEKDAY(INT(B18),2))="Sí",IF(D18="proMX",COUNTIFS(FER_F,INT(B18),FER_NLP,"Sí"),COUNTIFS(FER_F,INT(B18),FER_NLM,"Sí"))=0),1,0),0) -> 0 | AI18: =IF(AC18=1,IF(AND(INDEX(CFG_WDAYS,WEEKDAY(INT(B18)+1,2))="Sí",IF(D18="proMX",COUNTIFS(FER_F,INT(B18)+1,FER_NLP,"Sí"),COUNTIFS(FER_F,INT(B18)+1,FER_NLM,"Sí"))=0),1,0),0) -> 0 | AJ18: =IF(AC18=1,1440-Z18,AD18) -> 0 | AK18: =IF(AND(AB18=1,AH18=1),MAX(0,MIN(IF(AC18=1,1440,AA18),CFG_WEM)-MAX(Z18,CFG_WSM)),0) -> 0 | AL18: =IF(AND(AC18=1,AI18=1),MAX(0,MIN(AA18,CFG_WEM)-CFG_WSM),0) -> 0 | AM18: =AK18+AL18 -> 0 | AN18: =IF(CFG_BRK="Proporcional",IF(AD18=0,0,AF18*AM18/AD18),IF(CFG_BRK="Extras primero",MIN(AM18,MAX(0,AF18-(AD18-AM18))),MIN(AF18,AM18))) -> 0 | AO18: =AF18-AN18 -> 0 | AP18: =AM18-AN18 -> 0 | AQ18: =AD18-AM18-AO18 -> 0 | AR18: =IF(AM18=0,0,AK18-AN18*AK18/AM18) -> 0 | AS18: =IF(AD18-AM18=0,0,(AJ18-AK18)-AO18*(AJ18-AK18)/(AD18-AM18)) -> 0 | AT18: =IF(AC18=1,INT(B18)+1,"") | AU18: =IF(AND(D18="proMX",R18="Cancelled"),0,1) -> 1 | AV18: =IF(AND(AB18=1,AU18=1),IF(COUNTIFS($D$5:D17,D18,$B$5:B17,B18,$Z$5:Z17,Z18,$AA$5:AA17,AA18,$F$5:F17,F18&"",$AU$5:AU17,1)>0,1,0),0) -> 0 | AW18: =IF(AB18=1,INT(B18)*1440+Z18,"") | AX18: =IF(AB18=1,AW18+AD18,"") | AY18: =IF(AND(AB18=1,AV18=0,AU18=1),1,0) -> 0 | AZ18: =IF(AY18=1,COUNTIFS(R_Emp,D18,R_SAbs,"<"&AX18,R_EAbs,">"&AW18,R_OKey,1)-1,0) -> 0 | BA18: =IF(AY18=1,COUNTIFS(R_Emp,"<>"&D18,R_SAbs,"<"&AX18,R_EAbs,">"&AW18,R_OKey,1),0) -> 0 | BB18: =IF(AND(AB18=1,D18="proMX"),IF(AND(MOD(Z18,CFG_BLK)=0,MOD(AA18,CFG_BLK)=0,MOD(AG18,CFG_BLK)=0,AG18>0),1,0),1) -> 1 | BC18: =IF(Y18=0,"",IF(NOT(ISNUMBER(B18)),"Falta fecha o fecha inválida",IF(D18="","Falta empresa",IF(AND(D18<>"Malcolm",D18<>"proMX"),"Empresa inválida",IF(OR(INT(B18)<CFG_PSTART,INT(B18)>CFG_PEND),"Fecha fuera del período",IF(OR(NOT(ISNUMBER(Z18)),NOT(ISNUMBER(AA18))),"Falta hora inicio/fin o formato inválido",IF(AB18=0,"Hora inicio = hora fin",IF(AE18<0,"Descanso inválido",IF(AE18>=AD18,"Descanso ≥ duración",IF(AV18=1,"Registro duplicado",IF(AZ18>0,"Se superpone con otro registro "&D18,IF(BB18=0,"inicio, fin y duración neta deben ser múltiplos de "&CFG_BLK&" min","")))))))))))) | BD18: =IF(AND(Y18=1,BC18=""),1,0) -> 0 | BE18: =IF(AND(BD18=1,AU18=1),1,0) -> 0 | BF18: =IF(AND(D18="proMX",BD18=1),IF(R18="","Draft",R18),"") | BG18: =IF(BD18=1,ROUND(AG18/60,6),0) -> 0 | BH18: =IF(BE18=1,ROUND(AG18/60,6),0) -> 0 | BI18: =IF(BE18=1,ROUND(AP18/60,6),0) -> 0 | BJ18: =IF(BE18=1,ROUND(AQ18/60,6),0) -> 0 | BK18: =IF(BE18=1,ROUND((AR18+AS18)/60,6),0) -> 0 | BL18: =ROUND(BH18-BK18,6) -> 0 | BM18: =IF(BE18=1,ROUND(AR18/60,6),0) -> 0 | BN18: =ROUND(BI18-BM18,6) -> 0 | BO18: =IF(BE18=1,ROUND(AS18/60,6),0) -> 0 | BP18: =ROUND(BJ18-BO18,6) -> 0 | BQ18: =IF(BE18=1,AW18,0) -> 0 | BR18: =IF(BE18=1,AX18,0) -> 0 | BS18: =IF(AND(BE18=1,D18="Malcolm",BA18>0),MIN(BH18,SUMPRODUCT((R_Emp="proMX")*(R_EN>0)*((R_EN-(R_EN>BR18)*(R_EN-BR18))>(R_SN+(R_SN<BQ18)*(BQ18-R_SN)))*((R_EN-(R_EN>BR18)*(R_EN-BR18))-(R_SN+(R_SN<BQ18)*(BQ18-R_SN))))/60),0) -> 0 | BT18: =IF(AND(BE18=1,D18="proMX"),ROUND(BI18*CFG_RATE+BJ18*CFG_OTRATE,6),0) -> 0 | BU18: =IF(AND(BD18=1,D18="proMX"),ROUND(AG18/CFG_BLK,6),0) -> 0 | BV18: =IF(BF18="Approved",IF(ISNUMBER(T18),INT(T18),INT(B18)),"") | BW18: =IF(ISNUMBER(B18),IF(DB_MON="Todos",1,IF(AND(INT(B18)>=DB_MS,INT(B18)<=DB_ME),1,0)),0) -> 0 | BX18: =IF(DB_PROJ="Todos",1,IF(E18&""=DB_PROJ&"",1,0)) -> 1 | BY18: =BW18*BX18 -> 0 | BZ18: =IF(Y18=1,F18&IF(AND(F18&""<>"",E18&""<>"")," · ","")&E18,"") | CA18: =IF(AND(BD18=1,E18&""<>""),IF(COUNTIFS($E$5:E17,E18,$BD$5:BD17,1)=0,MAX($CA$5:CA17)+1,""),"") | CB18: =IF(AND(BE18=1,D18="Malcolm",E18&""<>""),IF(COUNTIFS($D$5:D17,"Malcolm",$E$5:E17,E18,$BE$5:BE17,1)=0,MAX($CB$5:CB17)+1,""),"") | CC18: =IF(AND(BD18=1,D18="proMX",E18&""<>""),IF(COUNTIFS($D$5:D17,"proMX",$E$5:E17,E18,$BD$5:BD17,1)=0,MAX($CC$5:CC17)+1,""),"") | CD18: =IF(AND(BE18=1,D18="Malcolm",F18&""<>""),IF(COUNTIFS($D$5:D17,"Malcolm",$F$5:F17,F18,$BE$5:BE17,1)=0,MAX($CD$5:CD17)+1,""),"") | CE18: =IF(AND(BD18=1,D18="proMX",F18&""<>""),IF(COUNTIFS($D$5:D17,"proMX",$F$5:F17,F18,$BD$5:BD17,1)=0,MAX($CE$5:CE17)+1,""),"") | CF18: =IF(AND(D18="proMX",BD18=1),IF(OR(BF18="Draft",BF18="Submitted",BF18="Returned",BF18="Recall Requested"),MAX($CF$5:CF17)+1,""),"") | CG18: =IF(BD18=0,0,IF(D18="Malcolm",1,MATCH(BF18,{"Draft","Submitted","Approved","Returned","Recall Requested","Cancelled"},0)+1)) -> 0 | CH18: =IF(AND(BF18="Submitted",ISNUMBER(V18)),IF(V18>CFG_MAXD,1,0),0) -> 0
A19: =IF(Y19=1,ROW()-5,"") | C19: =IF(ISNUMBER(B19),CHOOSE(WEEKDAY(B19,2),"Lun","Mar","Mié","Jue","Vie","Sáb","Dom"),"") | K19: =IF(AB19=1,ROUND(AG19/60,4),"") | L19: =IF(BD19=1,ROUND(AP19/60,4),"") | M19: =IF(BD19=1,ROUND(AQ19/60,4),"") | N19: =IF(AND(D19="proMX",AB19=1),ROUND(AG19/CFG_BLK,2),"") | O19: =IF(D19="proMX",IF(BD19=1,ROUND(AG19/60,4),0),"") | P19: =IF(Y19=0,"",IF(BD19=1,"OK",IF(D19="proMX","Revisar bloques: ","Revisar: ")&BC19)) | Q19: =IF(NOT(ISNUMBER(B19)),"",IF(COUNTIFS(FER_F,INT(B19))>0,"Feriado"&IF(AH19=1," (laborable)"," (no laborable)"),IF(AH19=1,"Laborable",IF(WEEKDAY(B19,2)>5,"Fin de semana","No laborable")))) | V19: =IF(AND(D19="proMX",OR(R19="Submitted",R19="Recall Requested"),ISNUMBER(S19)),CFG_TODAY-INT(S19),"") | W19: =IF(BD19=0,"",IF(BA19>0,"⚠ Se superpone con un registro de la otra empresa",IF(D19="Malcolm",IF(COUNTA(R19,S19,T19)>0,"Estado/fechas proMX se ignoran en Malcolm",""),IF(BF19="Cancelled","Cancelado: excluido de totales",IF(R19="","Sin estado: se trata como Draft",IF(BF19="Submitted",IF(ISNUMBER(V19),IF(V19>CFG_MAXD,"⚠ "&V19&" días en Submitted (máx. "&CFG_MAXD&")",""),"Falta fecha de envío"),IF(BF19="Returned","⚠ Devuelto: corregir y reenviar",IF(BF19="Recall Requested","Retirada solicitada: pendiente",IF(AND(BF19="Approved",NOT(ISNUMBER(T19))),"Falta fecha de aprobación",IF(AND(ISNUMBER(S19),ISNUMBER(T19),T19<S19),"Aprobación anterior al envío",""))))))))) | Y19: =IF(COUNTA(B19,D19,E19,F19,G19,H19,I19,J19,R19,S19,T19)>0,1,0) -> 0 | Z19: =IF(AND(ISNUMBER(H19),H19>=0,H19<1),ROUND(H19*1440,0),"") | AA19: =IF(AND(ISNUMBER(I19),I19>=0,I19<1),ROUND(I19*1440,0),"") | AB19: =IF(AND(ISNUMBER(B19),D19<>"",ISNUMBER(Z19),ISNUMBER(AA19)),IF(Z19=AA19,0,1),0) -> 0 | AC19: =IF(AB19=1,IF(AA19<Z19,1,0),0) -> 0 | AD19: =IF(AB19=1,IF(AC19=1,1440-Z19+AA19,AA19-Z19),0) -> 0 | AE19: =IF(J19="",0,IF(ISNUMBER(J19),J19,-1)) -> 0 | AF19: =MIN(MAX(0,AE19),AD19) -> 0 | AG19: =MAX(0,AD19-MAX(0,AE19)) -> 0 | AH19: =IF(ISNUMBER(B19),IF(AND(INDEX(CFG_WDAYS,WEEKDAY(INT(B19),2))="Sí",IF(D19="proMX",COUNTIFS(FER_F,INT(B19),FER_NLP,"Sí"),COUNTIFS(FER_F,INT(B19),FER_NLM,"Sí"))=0),1,0),0) -> 0 | AI19: =IF(AC19=1,IF(AND(INDEX(CFG_WDAYS,WEEKDAY(INT(B19)+1,2))="Sí",IF(D19="proMX",COUNTIFS(FER_F,INT(B19)+1,FER_NLP,"Sí"),COUNTIFS(FER_F,INT(B19)+1,FER_NLM,"Sí"))=0),1,0),0) -> 0 | AJ19: =IF(AC19=1,1440-Z19,AD19) -> 0 | AK19: =IF(AND(AB19=1,AH19=1),MAX(0,MIN(IF(AC19=1,1440,AA19),CFG_WEM)-MAX(Z19,CFG_WSM)),0) -> 0 | AL19: =IF(AND(AC19=1,AI19=1),MAX(0,MIN(AA19,CFG_WEM)-CFG_WSM),0) -> 0 | AM19: =AK19+AL19 -> 0 | AN19: =IF(CFG_BRK="Proporcional",IF(AD19=0,0,AF19*AM19/AD19),IF(CFG_BRK="Extras primero",MIN(AM19,MAX(0,AF19-(AD19-AM19))),MIN(AF19,AM19))) -> 0 | AO19: =AF19-AN19 -> 0 | AP19: =AM19-AN19 -> 0 | AQ19: =AD19-AM19-AO19 -> 0 | AR19: =IF(AM19=0,0,AK19-AN19*AK19/AM19) -> 0 | AS19: =IF(AD19-AM19=0,0,(AJ19-AK19)-AO19*(AJ19-AK19)/(AD19-AM19)) -> 0 | AT19: =IF(AC19=1,INT(B19)+1,"") | AU19: =IF(AND(D19="proMX",R19="Cancelled"),0,1) -> 1 | AV19: =IF(AND(AB19=1,AU19=1),IF(COUNTIFS($D$5:D18,D19,$B$5:B18,B19,$Z$5:Z18,Z19,$AA$5:AA18,AA19,$F$5:F18,F19&"",$AU$5:AU18,1)>0,1,0),0) -> 0 | AW19: =IF(AB19=1,INT(B19)*1440+Z19,"") | AX19: =IF(AB19=1,AW19+AD19,"") | AY19: =IF(AND(AB19=1,AV19=0,AU19=1),1,0) -> 0 | AZ19: =IF(AY19=1,COUNTIFS(R_Emp,D19,R_SAbs,"<"&AX19,R_EAbs,">"&AW19,R_OKey,1)-1,0) -> 0 | BA19: =IF(AY19=1,COUNTIFS(R_Emp,"<>"&D19,R_SAbs,"<"&AX19,R_EAbs,">"&AW19,R_OKey,1),0) -> 0 | BB19: =IF(AND(AB19=1,D19="proMX"),IF(AND(MOD(Z19,CFG_BLK)=0,MOD(AA19,CFG_BLK)=0,MOD(AG19,CFG_BLK)=0,AG19>0),1,0),1) -> 1 | BC19: =IF(Y19=0,"",IF(NOT(ISNUMBER(B19)),"Falta fecha o fecha inválida",IF(D19="","Falta empresa",IF(AND(D19<>"Malcolm",D19<>"proMX"),"Empresa inválida",IF(OR(INT(B19)<CFG_PSTART,INT(B19)>CFG_PEND),"Fecha fuera del período",IF(OR(NOT(ISNUMBER(Z19)),NOT(ISNUMBER(AA19))),"Falta hora inicio/fin o formato inválido",IF(AB19=0,"Hora inicio = hora fin",IF(AE19<0,"Descanso inválido",IF(AE19>=AD19,"Descanso ≥ duración",IF(AV19=1,"Registro duplicado",IF(AZ19>0,"Se superpone con otro registro "&D19,IF(BB19=0,"inicio, fin y duración neta deben ser múltiplos de "&CFG_BLK&" min","")))))))))))) | BD19: =IF(AND(Y19=1,BC19=""),1,0) -> 0 | BE19: =IF(AND(BD19=1,AU19=1),1,0) -> 0 | BF19: =IF(AND(D19="proMX",BD19=1),IF(R19="","Draft",R19),"") | BG19: =IF(BD19=1,ROUND(AG19/60,6),0) -> 0 | BH19: =IF(BE19=1,ROUND(AG19/60,6),0) -> 0 | BI19: =IF(BE19=1,ROUND(AP19/60,6),0) -> 0 | BJ19: =IF(BE19=1,ROUND(AQ19/60,6),0) -> 0 | BK19: =IF(BE19=1,ROUND((AR19+AS19)/60,6),0) -> 0 | BL19: =ROUND(BH19-BK19,6) -> 0 | BM19: =IF(BE19=1,ROUND(AR19/60,6),0) -> 0 | BN19: =ROUND(BI19-BM19,6) -> 0 | BO19: =IF(BE19=1,ROUND(AS19/60,6),0) -> 0 | BP19: =ROUND(BJ19-BO19,6) -> 0 | BQ19: =IF(BE19=1,AW19,0) -> 0 | BR19: =IF(BE19=1,AX19,0) -> 0 | BS19: =IF(AND(BE19=1,D19="Malcolm",BA19>0),MIN(BH19,SUMPRODUCT((R_Emp="proMX")*(R_EN>0)*((R_EN-(R_EN>BR19)*(R_EN-BR19))>(R_SN+(R_SN<BQ19)*(BQ19-R_SN)))*((R_EN-(R_EN>BR19)*(R_EN-BR19))-(R_SN+(R_SN<BQ19)*(BQ19-R_SN))))/60),0) -> 0 | BT19: =IF(AND(BE19=1,D19="proMX"),ROUND(BI19*CFG_RATE+BJ19*CFG_OTRATE,6),0) -> 0 | BU19: =IF(AND(BD19=1,D19="proMX"),ROUND(AG19/CFG_BLK,6),0) -> 0 | BV19: =IF(BF19="Approved",IF(ISNUMBER(T19),INT(T19),INT(B19)),"") | BW19: =IF(ISNUMBER(B19),IF(DB_MON="Todos",1,IF(AND(INT(B19)>=DB_MS,INT(B19)<=DB_ME),1,0)),0) -> 0 | BX19: =IF(DB_PROJ="Todos",1,IF(E19&""=DB_PROJ&"",1,0)) -> 1 | BY19: =BW19*BX19 -> 0 | BZ19: =IF(Y19=1,F19&IF(AND(F19&""<>"",E19&""<>"")," · ","")&E19,"") | CA19: =IF(AND(BD19=1,E19&""<>""),IF(COUNTIFS($E$5:E18,E19,$BD$5:BD18,1)=0,MAX($CA$5:CA18)+1,""),"") | CB19: =IF(AND(BE19=1,D19="Malcolm",E19&""<>""),IF(COUNTIFS($D$5:D18,"Malcolm",$E$5:E18,E19,$BE$5:BE18,1)=0,MAX($CB$5:CB18)+1,""),"") | CC19: =IF(AND(BD19=1,D19="proMX",E19&""<>""),IF(COUNTIFS($D$5:D18,"proMX",$E$5:E18,E19,$BD$5:BD18,1)=0,MAX($CC$5:CC18)+1,""),"") | CD19: =IF(AND(BE19=1,D19="Malcolm",F19&""<>""),IF(COUNTIFS($D$5:D18,"Malcolm",$F$5:F18,F19,$BE$5:BE18,1)=0,MAX($CD$5:CD18)+1,""),"") | CE19: =IF(AND(BD19=1,D19="proMX",F19&""<>""),IF(COUNTIFS($D$5:D18,"proMX",$F$5:F18,F19,$BD$5:BD18,1)=0,MAX($CE$5:CE18)+1,""),"") | CF19: =IF(AND(D19="proMX",BD19=1),IF(OR(BF19="Draft",BF19="Submitted",BF19="Returned",BF19="Recall Requested"),MAX($CF$5:CF18)+1,""),"") | CG19: =IF(BD19=0,0,IF(D19="Malcolm",1,MATCH(BF19,{"Draft","Submitted","Approved","Returned","Recall Requested","Cancelled"},0)+1)) -> 0 | CH19: =IF(AND(BF19="Submitted",ISNUMBER(V19)),IF(V19>CFG_MAXD,1,0),0) -> 0
A20: =IF(Y20=1,ROW()-5,"") | C20: =IF(ISNUMBER(B20),CHOOSE(WEEKDAY(B20,2),"Lun","Mar","Mié","Jue","Vie","Sáb","Dom"),"") | K20: =IF(AB20=1,ROUND(AG20/60,4),"") | L20: =IF(BD20=1,ROUND(AP20/60,4),"") | M20: =IF(BD20=1,ROUND(AQ20/60,4),"") | N20: =IF(AND(D20="proMX",AB20=1),ROUND(AG20/CFG_BLK,2),"") | O20: =IF(D20="proMX",IF(BD20=1,ROUND(AG20/60,4),0),"") | P20: =IF(Y20=0,"",IF(BD20=1,"OK",IF(D20="proMX","Revisar bloques: ","Revisar: ")&BC20)) | Q20: =IF(NOT(ISNUMBER(B20)),"",IF(COUNTIFS(FER_F,INT(B20))>0,"Feriado"&IF(AH20=1," (laborable)"," (no laborable)"),IF(AH20=1,"Laborable",IF(WEEKDAY(B20,2)>5,"Fin de semana","No laborable")))) | V20: =IF(AND(D20="proMX",OR(R20="Submitted",R20="Recall Requested"),ISNUMBER(S20)),CFG_TODAY-INT(S20),"") | W20: =IF(BD20=0,"",IF(BA20>0,"⚠ Se superpone con un registro de la otra empresa",IF(D20="Malcolm",IF(COUNTA(R20,S20,T20)>0,"Estado/fechas proMX se ignoran en Malcolm",""),IF(BF20="Cancelled","Cancelado: excluido de totales",IF(R20="","Sin estado: se trata como Draft",IF(BF20="Submitted",IF(ISNUMBER(V20),IF(V20>CFG_MAXD,"⚠ "&V20&" días en Submitted (máx. "&CFG_MAXD&")",""),"Falta fecha de envío"),IF(BF20="Returned","⚠ Devuelto: corregir y reenviar",IF(BF20="Recall Requested","Retirada solicitada: pendiente",IF(AND(BF20="Approved",NOT(ISNUMBER(T20))),"Falta fecha de aprobación",IF(AND(ISNUMBER(S20),ISNUMBER(T20),T20<S20),"Aprobación anterior al envío",""))))))))) | Y20: =IF(COUNTA(B20,D20,E20,F20,G20,H20,I20,J20,R20,S20,T20)>0,1,0) -> 0 | Z20: =IF(AND(ISNUMBER(H20),H20>=0,H20<1),ROUND(H20*1440,0),"") | AA20: =IF(AND(ISNUMBER(I20),I20>=0,I20<1),ROUND(I20*1440,0),"") | AB20: =IF(AND(ISNUMBER(B20),D20<>"",ISNUMBER(Z20),ISNUMBER(AA20)),IF(Z20=AA20,0,1),0) -> 0 | AC20: =IF(AB20=1,IF(AA20<Z20,1,0),0) -> 0 | AD20: =IF(AB20=1,IF(AC20=1,1440-Z20+AA20,AA20-Z20),0) -> 0 | AE20: =IF(J20="",0,IF(ISNUMBER(J20),J20,-1)) -> 0 | AF20: =MIN(MAX(0,AE20),AD20) -> 0 | AG20: =MAX(0,AD20-MAX(0,AE20)) -> 0 | AH20: =IF(ISNUMBER(B20),IF(AND(INDEX(CFG_WDAYS,WEEKDAY(INT(B20),2))="Sí",IF(D20="proMX",COUNTIFS(FER_F,INT(B20),FER_NLP,"Sí"),COUNTIFS(FER_F,INT(B20),FER_NLM,"Sí"))=0),1,0),0) -> 0 | AI20: =IF(AC20=1,IF(AND(INDEX(CFG_WDAYS,WEEKDAY(INT(B20)+1,2))="Sí",IF(D20="proMX",COUNTIFS(FER_F,INT(B20)+1,FER_NLP,"Sí"),COUNTIFS(FER_F,INT(B20)+1,FER_NLM,"Sí"))=0),1,0),0) -> 0 | AJ20: =IF(AC20=1,1440-Z20,AD20) -> 0 | AK20: =IF(AND(AB20=1,AH20=1),MAX(0,MIN(IF(AC20=1,1440,AA20),CFG_WEM)-MAX(Z20,CFG_WSM)),0) -> 0 | AL20: =IF(AND(AC20=1,AI20=1),MAX(0,MIN(AA20,CFG_WEM)-CFG_WSM),0) -> 0 | AM20: =AK20+AL20 -> 0 | AN20: =IF(CFG_BRK="Proporcional",IF(AD20=0,0,AF20*AM20/AD20),IF(CFG_BRK="Extras primero",MIN(AM20,MAX(0,AF20-(AD20-AM20))),MIN(AF20,AM20))) -> 0 | AO20: =AF20-AN20 -> 0 | AP20: =AM20-AN20 -> 0 | AQ20: =AD20-AM20-AO20 -> 0 | AR20: =IF(AM20=0,0,AK20-AN20*AK20/AM20) -> 0 | AS20: =IF(AD20-AM20=0,0,(AJ20-AK20)-AO20*(AJ20-AK20)/(AD20-AM20)) -> 0 | AT20: =IF(AC20=1,INT(B20)+1,"") | AU20: =IF(AND(D20="proMX",R20="Cancelled"),0,1) -> 1 | AV20: =IF(AND(AB20=1,AU20=1),IF(COUNTIFS($D$5:D19,D20,$B$5:B19,B20,$Z$5:Z19,Z20,$AA$5:AA19,AA20,$F$5:F19,F20&"",$AU$5:AU19,1)>0,1,0),0) -> 0 | AW20: =IF(AB20=1,INT(B20)*1440+Z20,"") | AX20: =IF(AB20=1,AW20+AD20,"") | AY20: =IF(AND(AB20=1,AV20=0,AU20=1),1,0) -> 0 | AZ20: =IF(AY20=1,COUNTIFS(R_Emp,D20,R_SAbs,"<"&AX20,R_EAbs,">"&AW20,R_OKey,1)-1,0) -> 0 | BA20: =IF(AY20=1,COUNTIFS(R_Emp,"<>"&D20,R_SAbs,"<"&AX20,R_EAbs,">"&AW20,R_OKey,1),0) -> 0 | BB20: =IF(AND(AB20=1,D20="proMX"),IF(AND(MOD(Z20,CFG_BLK)=0,MOD(AA20,CFG_BLK)=0,MOD(AG20,CFG_BLK)=0,AG20>0),1,0),1) -> 1 | BC20: =IF(Y20=0,"",IF(NOT(ISNUMBER(B20)),"Falta fecha o fecha inválida",IF(D20="","Falta empresa",IF(AND(D20<>"Malcolm",D20<>"proMX"),"Empresa inválida",IF(OR(INT(B20)<CFG_PSTART,INT(B20)>CFG_PEND),"Fecha fuera del período",IF(OR(NOT(ISNUMBER(Z20)),NOT(ISNUMBER(AA20))),"Falta hora inicio/fin o formato inválido",IF(AB20=0,"Hora inicio = hora fin",IF(AE20<0,"Descanso inválido",IF(AE20>=AD20,"Descanso ≥ duración",IF(AV20=1,"Registro duplicado",IF(AZ20>0,"Se superpone con otro registro "&D20,IF(BB20=0,"inicio, fin y duración neta deben ser múltiplos de "&CFG_BLK&" min","")))))))))))) | BD20: =IF(AND(Y20=1,BC20=""),1,0) -> 0 | BE20: =IF(AND(BD20=1,AU20=1),1,0) -> 0 | BF20: =IF(AND(D20="proMX",BD20=1),IF(R20="","Draft",R20),"") | BG20: =IF(BD20=1,ROUND(AG20/60,6),0) -> 0 | BH20: =IF(BE20=1,ROUND(AG20/60,6),0) -> 0 | BI20: =IF(BE20=1,ROUND(AP20/60,6),0) -> 0 | BJ20: =IF(BE20=1,ROUND(AQ20/60,6),0) -> 0 | BK20: =IF(BE20=1,ROUND((AR20+AS20)/60,6),0) -> 0 | BL20: =ROUND(BH20-BK20,6) -> 0 | BM20: =IF(BE20=1,ROUND(AR20/60,6),0) -> 0 | BN20: =ROUND(BI20-BM20,6) -> 0 | BO20: =IF(BE20=1,ROUND(AS20/60,6),0) -> 0 | BP20: =ROUND(BJ20-BO20,6) -> 0 | BQ20: =IF(BE20=1,AW20,0) -> 0 | BR20: =IF(BE20=1,AX20,0) -> 0 | BS20: =IF(AND(BE20=1,D20="Malcolm",BA20>0),MIN(BH20,SUMPRODUCT((R_Emp="proMX")*(R_EN>0)*((R_EN-(R_EN>BR20)*(R_EN-BR20))>(R_SN+(R_SN<BQ20)*(BQ20-R_SN)))*((R_EN-(R_EN>BR20)*(R_EN-BR20))-(R_SN+(R_SN<BQ20)*(BQ20-R_SN))))/60),0) -> 0 | BT20: =IF(AND(BE20=1,D20="proMX"),ROUND(BI20*CFG_RATE+BJ20*CFG_OTRATE,6),0) -> 0 | BU20: =IF(AND(BD20=1,D20="proMX"),ROUND(AG20/CFG_BLK,6),0) -> 0 | BV20: =IF(BF20="Approved",IF(ISNUMBER(T20),INT(T20),INT(B20)),"") | BW20: =IF(ISNUMBER(B20),IF(DB_MON="Todos",1,IF(AND(INT(B20)>=DB_MS,INT(B20)<=DB_ME),1,0)),0) -> 0 | BX20: =IF(DB_PROJ="Todos",1,IF(E20&""=DB_PROJ&"",1,0)) -> 1 | BY20: =BW20*BX20 -> 0 | BZ20: =IF(Y20=1,F20&IF(AND(F20&""<>"",E20&""<>"")," · ","")&E20,"") | CA20: =IF(AND(BD20=1,E20&""<>""),IF(COUNTIFS($E$5:E19,E20,$BD$5:BD19,1)=0,MAX($CA$5:CA19)+1,""),"") | CB20: =IF(AND(BE20=1,D20="Malcolm",E20&""<>""),IF(COUNTIFS($D$5:D19,"Malcolm",$E$5:E19,E20,$BE$5:BE19,1)=0,MAX($CB$5:CB19)+1,""),"") | CC20: =IF(AND(BD20=1,D20="proMX",E20&""<>""),IF(COUNTIFS($D$5:D19,"proMX",$E$5:E19,E20,$BD$5:BD19,1)=0,MAX($CC$5:CC19)+1,""),"") | CD20: =IF(AND(BE20=1,D20="Malcolm",F20&""<>""),IF(COUNTIFS($D$5:D19,"Malcolm",$F$5:F19,F20,$BE$5:BE19,1)=0,MAX($CD$5:CD19)+1,""),"") | CE20: =IF(AND(BD20=1,D20="proMX",F20&""<>""),IF(COUNTIFS($D$5:D19,"proMX",$F$5:F19,F20,$BD$5:BD19,1)=0,MAX($CE$5:CE19)+1,""),"") | CF20: =IF(AND(D20="proMX",BD20=1),IF(OR(BF20="Draft",BF20="Submitted",BF20="Returned",BF20="Recall Requested"),MAX($CF$5:CF19)+1,""),"") | CG20: =IF(BD20=0,0,IF(D20="Malcolm",1,MATCH(BF20,{"Draft","Submitted","Approved","Returned","Recall Requested","Cancelled"},0)+1)) -> 0 | CH20: =IF(AND(BF20="Submitted",ISNUMBER(V20)),IF(V20>CFG_MAXD,1,0),0) -> 0
A21: =IF(Y21=1,ROW()-5,"") | C21: =IF(ISNUMBER(B21),CHOOSE(WEEKDAY(B21,2),"Lun","Mar","Mié","Jue","Vie","Sáb","Dom"),"") | K21: =IF(AB21=1,ROUND(AG21/60,4),"") | L21: =IF(BD21=1,ROUND(AP21/60,4),"") | M21: =IF(BD21=1,ROUND(AQ21/60,4),"") | N21: =IF(AND(D21="proMX",AB21=1),ROUND(AG21/CFG_BLK,2),"") | O21: =IF(D21="proMX",IF(BD21=1,ROUND(AG21/60,4),0),"") | P21: =IF(Y21=0,"",IF(BD21=1,"OK",IF(D21="proMX","Revisar bloques: ","Revisar: ")&BC21)) | Q21: =IF(NOT(ISNUMBER(B21)),"",IF(COUNTIFS(FER_F,INT(B21))>0,"Feriado"&IF(AH21=1," (laborable)"," (no laborable)"),IF(AH21=1,"Laborable",IF(WEEKDAY(B21,2)>5,"Fin de semana","No laborable")))) | V21: =IF(AND(D21="proMX",OR(R21="Submitted",R21="Recall Requested"),ISNUMBER(S21)),CFG_TODAY-INT(S21),"") | W21: =IF(BD21=0,"",IF(BA21>0,"⚠ Se superpone con un registro de la otra empresa",IF(D21="Malcolm",IF(COUNTA(R21,S21,T21)>0,"Estado/fechas proMX se ignoran en Malcolm",""),IF(BF21="Cancelled","Cancelado: excluido de totales",IF(R21="","Sin estado: se trata como Draft",IF(BF21="Submitted",IF(ISNUMBER(V21),IF(V21>CFG_MAXD,"⚠ "&V21&" días en Submitted (máx. "&CFG_MAXD&")",""),"Falta fecha de envío"),IF(BF21="Returned","⚠ Devuelto: corregir y reenviar",IF(BF21="Recall Requested","Retirada solicitada: pendiente",IF(AND(BF21="Approved",NOT(ISNUMBER(T21))),"Falta fecha de aprobación",IF(AND(ISNUMBER(S21),ISNUMBER(T21),T21<S21),"Aprobación anterior al envío",""))))))))) | Y21: =IF(COUNTA(B21,D21,E21,F21,G21,H21,I21,J21,R21,S21,T21)>0,1,0) -> 0 | Z21: =IF(AND(ISNUMBER(H21),H21>=0,H21<1),ROUND(H21*1440,0),"") | AA21: =IF(AND(ISNUMBER(I21),I21>=0,I21<1),ROUND(I21*1440,0),"") | AB21: =IF(AND(ISNUMBER(B21),D21<>"",ISNUMBER(Z21),ISNUMBER(AA21)),IF(Z21=AA21,0,1),0) -> 0 | AC21: =IF(AB21=1,IF(AA21<Z21,1,0),0) -> 0 | AD21: =IF(AB21=1,IF(AC21=1,1440-Z21+AA21,AA21-Z21),0) -> 0 | AE21: =IF(J21="",0,IF(ISNUMBER(J21),J21,-1)) -> 0 | AF21: =MIN(MAX(0,AE21),AD21) -> 0 | AG21: =MAX(0,AD21-MAX(0,AE21)) -> 0 | AH21: =IF(ISNUMBER(B21),IF(AND(INDEX(CFG_WDAYS,WEEKDAY(INT(B21),2))="Sí",IF(D21="proMX",COUNTIFS(FER_F,INT(B21),FER_NLP,"Sí"),COUNTIFS(FER_F,INT(B21),FER_NLM,"Sí"))=0),1,0),0) -> 0 | AI21: =IF(AC21=1,IF(AND(INDEX(CFG_WDAYS,WEEKDAY(INT(B21)+1,2))="Sí",IF(D21="proMX",COUNTIFS(FER_F,INT(B21)+1,FER_NLP,"Sí"),COUNTIFS(FER_F,INT(B21)+1,FER_NLM,"Sí"))=0),1,0),0) -> 0 | AJ21: =IF(AC21=1,1440-Z21,AD21) -> 0 | AK21: =IF(AND(AB21=1,AH21=1),MAX(0,MIN(IF(AC21=1,1440,AA21),CFG_WEM)-MAX(Z21,CFG_WSM)),0) -> 0 | AL21: =IF(AND(AC21=1,AI21=1),MAX(0,MIN(AA21,CFG_WEM)-CFG_WSM),0) -> 0 | AM21: =AK21+AL21 -> 0 | AN21: =IF(CFG_BRK="Proporcional",IF(AD21=0,0,AF21*AM21/AD21),IF(CFG_BRK="Extras primero",MIN(AM21,MAX(0,AF21-(AD21-AM21))),MIN(AF21,AM21))) -> 0 | AO21: =AF21-AN21 -> 0 | AP21: =AM21-AN21 -> 0 | AQ21: =AD21-AM21-AO21 -> 0 | AR21: =IF(AM21=0,0,AK21-AN21*AK21/AM21) -> 0 | AS21: =IF(AD21-AM21=0,0,(AJ21-AK21)-AO21*(AJ21-AK21)/(AD21-AM21)) -> 0 | AT21: =IF(AC21=1,INT(B21)+1,"") | AU21: =IF(AND(D21="proMX",R21="Cancelled"),0,1) -> 1 | AV21: =IF(AND(AB21=1,AU21=1),IF(COUNTIFS($D$5:D20,D21,$B$5:B20,B21,$Z$5:Z20,Z21,$AA$5:AA20,AA21,$F$5:F20,F21&"",$AU$5:AU20,1)>0,1,0),0) -> 0 | AW21: =IF(AB21=1,INT(B21)*1440+Z21,"") | AX21: =IF(AB21=1,AW21+AD21,"") | AY21: =IF(AND(AB21=1,AV21=0,AU21=1),1,0) -> 0 | AZ21: =IF(AY21=1,COUNTIFS(R_Emp,D21,R_SAbs,"<"&AX21,R_EAbs,">"&AW21,R_OKey,1)-1,0) -> 0 | BA21: =IF(AY21=1,COUNTIFS(R_Emp,"<>"&D21,R_SAbs,"<"&AX21,R_EAbs,">"&AW21,R_OKey,1),0) -> 0 | BB21: =IF(AND(AB21=1,D21="proMX"),IF(AND(MOD(Z21,CFG_BLK)=0,MOD(AA21,CFG_BLK)=0,MOD(AG21,CFG_BLK)=0,AG21>0),1,0),1) -> 1 | BC21: =IF(Y21=0,"",IF(NOT(ISNUMBER(B21)),"Falta fecha o fecha inválida",IF(D21="","Falta empresa",IF(AND(D21<>"Malcolm",D21<>"proMX"),"Empresa inválida",IF(OR(INT(B21)<CFG_PSTART,INT(B21)>CFG_PEND),"Fecha fuera del período",IF(OR(NOT(ISNUMBER(Z21)),NOT(ISNUMBER(AA21))),"Falta hora inicio/fin o formato inválido",IF(AB21=0,"Hora inicio = hora fin",IF(AE21<0,"Descanso inválido",IF(AE21>=AD21,"Descanso ≥ duración",IF(AV21=1,"Registro duplicado",IF(AZ21>0,"Se superpone con otro registro "&D21,IF(BB21=0,"inicio, fin y duración neta deben ser múltiplos de "&CFG_BLK&" min","")))))))))))) | BD21: =IF(AND(Y21=1,BC21=""),1,0) -> 0 | BE21: =IF(AND(BD21=1,AU21=1),1,0) -> 0 | BF21: =IF(AND(D21="proMX",BD21=1),IF(R21="","Draft",R21),"") | BG21: =IF(BD21=1,ROUND(AG21/60,6),0) -> 0 | BH21: =IF(BE21=1,ROUND(AG21/60,6),0) -> 0 | BI21: =IF(BE21=1,ROUND(AP21/60,6),0) -> 0 | BJ21: =IF(BE21=1,ROUND(AQ21/60,6),0) -> 0 | BK21: =IF(BE21=1,ROUND((AR21+AS21)/60,6),0) -> 0 | BL21: =ROUND(BH21-BK21,6) -> 0 | BM21: =IF(BE21=1,ROUND(AR21/60,6),0) -> 0 | BN21: =ROUND(BI21-BM21,6) -> 0 | BO21: =IF(BE21=1,ROUND(AS21/60,6),0) -> 0 | BP21: =ROUND(BJ21-BO21,6) -> 0 | BQ21: =IF(BE21=1,AW21,0) -> 0 | BR21: =IF(BE21=1,AX21,0) -> 0 | BS21: =IF(AND(BE21=1,D21="Malcolm",BA21>0),MIN(BH21,SUMPRODUCT((R_Emp="proMX")*(R_EN>0)*((R_EN-(R_EN>BR21)*(R_EN-BR21))>(R_SN+(R_SN<BQ21)*(BQ21-R_SN)))*((R_EN-(R_EN>BR21)*(R_EN-BR21))-(R_SN+(R_SN<BQ21)*(BQ21-R_SN))))/60),0) -> 0 | BT21: =IF(AND(BE21=1,D21="proMX"),ROUND(BI21*CFG_RATE+BJ21*CFG_OTRATE,6),0) -> 0 | BU21: =IF(AND(BD21=1,D21="proMX"),ROUND(AG21/CFG_BLK,6),0) -> 0 | BV21: =IF(BF21="Approved",IF(ISNUMBER(T21),INT(T21),INT(B21)),"") | BW21: =IF(ISNUMBER(B21),IF(DB_MON="Todos",1,IF(AND(INT(B21)>=DB_MS,INT(B21)<=DB_ME),1,0)),0) -> 0 | BX21: =IF(DB_PROJ="Todos",1,IF(E21&""=DB_PROJ&"",1,0)) -> 1 | BY21: =BW21*BX21 -> 0 | BZ21: =IF(Y21=1,F21&IF(AND(F21&""<>"",E21&""<>"")," · ","")&E21,"") | CA21: =IF(AND(BD21=1,E21&""<>""),IF(COUNTIFS($E$5:E20,E21,$BD$5:BD20,1)=0,MAX($CA$5:CA20)+1,""),"") | CB21: =IF(AND(BE21=1,D21="Malcolm",E21&""<>""),IF(COUNTIFS($D$5:D20,"Malcolm",$E$5:E20,E21,$BE$5:BE20,1)=0,MAX($CB$5:CB20)+1,""),"") | CC21: =IF(AND(BD21=1,D21="proMX",E21&""<>""),IF(COUNTIFS($D$5:D20,"proMX",$E$5:E20,E21,$BD$5:BD20,1)=0,MAX($CC$5:CC20)+1,""),"") | CD21: =IF(AND(BE21=1,D21="Malcolm",F21&""<>""),IF(COUNTIFS($D$5:D20,"Malcolm",$F$5:F20,F21,$BE$5:BE20,1)=0,MAX($CD$5:CD20)+1,""),"") | CE21: =IF(AND(BD21=1,D21="proMX",F21&""<>""),IF(COUNTIFS($D$5:D20,"proMX",$F$5:F20,F21,$BD$5:BD20,1)=0,MAX($CE$5:CE20)+1,""),"") | CF21: =IF(AND(D21="proMX",BD21=1),IF(OR(BF21="Draft",BF21="Submitted",BF21="Returned",BF21="Recall Requested"),MAX($CF$5:CF20)+1,""),"") | CG21: =IF(BD21=0,0,IF(D21="Malcolm",1,MATCH(BF21,{"Draft","Submitted","Approved","Returned","Recall Requested","Cancelled"},0)+1)) -> 0 | CH21: =IF(AND(BF21="Submitted",ISNUMBER(V21)),IF(V21>CFG_MAXD,1,0),0) -> 0
A22: =IF(Y22=1,ROW()-5,"") | C22: =IF(ISNUMBER(B22),CHOOSE(WEEKDAY(B22,2),"Lun","Mar","Mié","Jue","Vie","Sáb","Dom"),"") | K22: =IF(AB22=1,ROUND(AG22/60,4),"") | L22: =IF(BD22=1,ROUND(AP22/60,4),"") | M22: =IF(BD22=1,ROUND(AQ22/60,4),"") | N22: =IF(AND(D22="proMX",AB22=1),ROUND(AG22/CFG_BLK,2),"") | O22: =IF(D22="proMX",IF(BD22=1,ROUND(AG22/60,4),0),"") | P22: =IF(Y22=0,"",IF(BD22=1,"OK",IF(D22="proMX","Revisar bloques: ","Revisar: ")&BC22)) | Q22: =IF(NOT(ISNUMBER(B22)),"",IF(COUNTIFS(FER_F,INT(B22))>0,"Feriado"&IF(AH22=1," (laborable)"," (no laborable)"),IF(AH22=1,"Laborable",IF(WEEKDAY(B22,2)>5,"Fin de semana","No laborable")))) | V22: =IF(AND(D22="proMX",OR(R22="Submitted",R22="Recall Requested"),ISNUMBER(S22)),CFG_TODAY-INT(S22),"") | W22: =IF(BD22=0,"",IF(BA22>0,"⚠ Se superpone con un registro de la otra empresa",IF(D22="Malcolm",IF(COUNTA(R22,S22,T22)>0,"Estado/fechas proMX se ignoran en Malcolm",""),IF(BF22="Cancelled","Cancelado: excluido de totales",IF(R22="","Sin estado: se trata como Draft",IF(BF22="Submitted",IF(ISNUMBER(V22),IF(V22>CFG_MAXD,"⚠ "&V22&" días en Submitted (máx. "&CFG_MAXD&")",""),"Falta fecha de envío"),IF(BF22="Returned","⚠ Devuelto: corregir y reenviar",IF(BF22="Recall Requested","Retirada solicitada: pendiente",IF(AND(BF22="Approved",NOT(ISNUMBER(T22))),"Falta fecha de aprobación",IF(AND(ISNUMBER(S22),ISNUMBER(T22),T22<S22),"Aprobación anterior al envío",""))))))))) | Y22: =IF(COUNTA(B22,D22,E22,F22,G22,H22,I22,J22,R22,S22,T22)>0,1,0) -> 0 | Z22: =IF(AND(ISNUMBER(H22),H22>=0,H22<1),ROUND(H22*1440,0),"") | AA22: =IF(AND(ISNUMBER(I22),I22>=0,I22<1),ROUND(I22*1440,0),"") | AB22: =IF(AND(ISNUMBER(B22),D22<>"",ISNUMBER(Z22),ISNUMBER(AA22)),IF(Z22=AA22,0,1),0) -> 0 | AC22: =IF(AB22=1,IF(AA22<Z22,1,0),0) -> 0 | AD22: =IF(AB22=1,IF(AC22=1,1440-Z22+AA22,AA22-Z22),0) -> 0 | AE22: =IF(J22="",0,IF(ISNUMBER(J22),J22,-1)) -> 0 | AF22: =MIN(MAX(0,AE22),AD22) -> 0 | AG22: =MAX(0,AD22-MAX(0,AE22)) -> 0 | AH22: =IF(ISNUMBER(B22),IF(AND(INDEX(CFG_WDAYS,WEEKDAY(INT(B22),2))="Sí",IF(D22="proMX",COUNTIFS(FER_F,INT(B22),FER_NLP,"Sí"),COUNTIFS(FER_F,INT(B22),FER_NLM,"Sí"))=0),1,0),0) -> 0 | AI22: =IF(AC22=1,IF(AND(INDEX(CFG_WDAYS,WEEKDAY(INT(B22)+1,2))="Sí",IF(D22="proMX",COUNTIFS(FER_F,INT(B22)+1,FER_NLP,"Sí"),COUNTIFS(FER_F,INT(B22)+1,FER_NLM,"Sí"))=0),1,0),0) -> 0 | AJ22: =IF(AC22=1,1440-Z22,AD22) -> 0 | AK22: =IF(AND(AB22=1,AH22=1),MAX(0,MIN(IF(AC22=1,1440,AA22),CFG_WEM)-MAX(Z22,CFG_WSM)),0) -> 0 | AL22: =IF(AND(AC22=1,AI22=1),MAX(0,MIN(AA22,CFG_WEM)-CFG_WSM),0) -> 0 | AM22: =AK22+AL22 -> 0 | AN22: =IF(CFG_BRK="Proporcional",IF(AD22=0,0,AF22*AM22/AD22),IF(CFG_BRK="Extras primero",MIN(AM22,MAX(0,AF22-(AD22-AM22))),MIN(AF22,AM22))) -> 0 | AO22: =AF22-AN22 -> 0 | AP22: =AM22-AN22 -> 0 | AQ22: =AD22-AM22-AO22 -> 0 | AR22: =IF(AM22=0,0,AK22-AN22*AK22/AM22) -> 0 | AS22: =IF(AD22-AM22=0,0,(AJ22-AK22)-AO22*(AJ22-AK22)/(AD22-AM22)) -> 0 | AT22: =IF(AC22=1,INT(B22)+1,"") | AU22: =IF(AND(D22="proMX",R22="Cancelled"),0,1) -> 1 | AV22: =IF(AND(AB22=1,AU22=1),IF(COUNTIFS($D$5:D21,D22,$B$5:B21,B22,$Z$5:Z21,Z22,$AA$5:AA21,AA22,$F$5:F21,F22&"",$AU$5:AU21,1)>0,1,0),0) -> 0 | AW22: =IF(AB22=1,INT(B22)*1440+Z22,"") | AX22: =IF(AB22=1,AW22+AD22,"") | AY22: =IF(AND(AB22=1,AV22=0,AU22=1),1,0) -> 0 | AZ22: =IF(AY22=1,COUNTIFS(R_Emp,D22,R_SAbs,"<"&AX22,R_EAbs,">"&AW22,R_OKey,1)-1,0) -> 0 | BA22: =IF(AY22=1,COUNTIFS(R_Emp,"<>"&D22,R_SAbs,"<"&AX22,R_EAbs,">"&AW22,R_OKey,1),0) -> 0 | BB22: =IF(AND(AB22=1,D22="proMX"),IF(AND(MOD(Z22,CFG_BLK)=0,MOD(AA22,CFG_BLK)=0,MOD(AG22,CFG_BLK)=0,AG22>0),1,0),1) -> 1 | BC22: =IF(Y22=0,"",IF(NOT(ISNUMBER(B22)),"Falta fecha o fecha inválida",IF(D22="","Falta empresa",IF(AND(D22<>"Malcolm",D22<>"proMX"),"Empresa inválida",IF(OR(INT(B22)<CFG_PSTART,INT(B22)>CFG_PEND),"Fecha fuera del período",IF(OR(NOT(ISNUMBER(Z22)),NOT(ISNUMBER(AA22))),"Falta hora inicio/fin o formato inválido",IF(AB22=0,"Hora inicio = hora fin",IF(AE22<0,"Descanso inválido",IF(AE22>=AD22,"Descanso ≥ duración",IF(AV22=1,"Registro duplicado",IF(AZ22>0,"Se superpone con otro registro "&D22,IF(BB22=0,"inicio, fin y duración neta deben ser múltiplos de "&CFG_BLK&" min","")))))))))))) | BD22: =IF(AND(Y22=1,BC22=""),1,0) -> 0 | BE22: =IF(AND(BD22=1,AU22=1),1,0) -> 0 | BF22: =IF(AND(D22="proMX",BD22=1),IF(R22="","Draft",R22),"") | BG22: =IF(BD22=1,ROUND(AG22/60,6),0) -> 0 | BH22: =IF(BE22=1,ROUND(AG22/60,6),0) -> 0 | BI22: =IF(BE22=1,ROUND(AP22/60,6),0) -> 0 | BJ22: =IF(BE22=1,ROUND(AQ22/60,6),0) -> 0 | BK22: =IF(BE22=1,ROUND((AR22+AS22)/60,6),0) -> 0 | BL22: =ROUND(BH22-BK22,6) -> 0 | BM22: =IF(BE22=1,ROUND(AR22/60,6),0) -> 0 | BN22: =ROUND(BI22-BM22,6) -> 0 | BO22: =IF(BE22=1,ROUND(AS22/60,6),0) -> 0 | BP22: =ROUND(BJ22-BO22,6) -> 0 | BQ22: =IF(BE22=1,AW22,0) -> 0 | BR22: =IF(BE22=1,AX22,0) -> 0 | BS22: =IF(AND(BE22=1,D22="Malcolm",BA22>0),MIN(BH22,SUMPRODUCT((R_Emp="proMX")*(R_EN>0)*((R_EN-(R_EN>BR22)*(R_EN-BR22))>(R_SN+(R_SN<BQ22)*(BQ22-R_SN)))*((R_EN-(R_EN>BR22)*(R_EN-BR22))-(R_SN+(R_SN<BQ22)*(BQ22-R_SN))))/60),0) -> 0 | BT22: =IF(AND(BE22=1,D22="proMX"),ROUND(BI22*CFG_RATE+BJ22*CFG_OTRATE,6),0) -> 0 | BU22: =IF(AND(BD22=1,D22="proMX"),ROUND(AG22/CFG_BLK,6),0) -> 0 | BV22: =IF(BF22="Approved",IF(ISNUMBER(T22),INT(T22),INT(B22)),"") | BW22: =IF(ISNUMBER(B22),IF(DB_MON="Todos",1,IF(AND(INT(B22)>=DB_MS,INT(B22)<=DB_ME),1,0)),0) -> 0 | BX22: =IF(DB_PROJ="Todos",1,IF(E22&""=DB_PROJ&"",1,0)) -> 1 | BY22: =BW22*BX22 -> 0 | BZ22: =IF(Y22=1,F22&IF(AND(F22&""<>"",E22&""<>"")," · ","")&E22,"") | CA22: =IF(AND(BD22=1,E22&""<>""),IF(COUNTIFS($E$5:E21,E22,$BD$5:BD21,1)=0,MAX($CA$5:CA21)+1,""),"") | CB22: =IF(AND(BE22=1,D22="Malcolm",E22&""<>""),IF(COUNTIFS($D$5:D21,"Malcolm",$E$5:E21,E22,$BE$5:BE21,1)=0,MAX($CB$5:CB21)+1,""),"") | CC22: =IF(AND(BD22=1,D22="proMX",E22&""<>""),IF(COUNTIFS($D$5:D21,"proMX",$E$5:E21,E22,$BD$5:BD21,1)=0,MAX($CC$5:CC21)+1,""),"") | CD22: =IF(AND(BE22=1,D22="Malcolm",F22&""<>""),IF(COUNTIFS($D$5:D21,"Malcolm",$F$5:F21,F22,$BE$5:BE21,1)=0,MAX($CD$5:CD21)+1,""),"") | CE22: =IF(AND(BD22=1,D22="proMX",F22&""<>""),IF(COUNTIFS($D$5:D21,"proMX",$F$5:F21,F22,$BD$5:BD21,1)=0,MAX($CE$5:CE21)+1,""),"") | CF22: =IF(AND(D22="proMX",BD22=1),IF(OR(BF22="Draft",BF22="Submitted",BF22="Returned",BF22="Recall Requested"),MAX($CF$5:CF21)+1,""),"") | CG22: =IF(BD22=0,0,IF(D22="Malcolm",1,MATCH(BF22,{"Draft","Submitted","Approved","Returned","Recall Requested","Cancelled"},0)+1)) -> 0 | CH22: =IF(AND(BF22="Submitted",ISNUMBER(V22)),IF(V22>CFG_MAXD,1,0),0) -> 0
A23: =IF(Y23=1,ROW()-5,"") | C23: =IF(ISNUMBER(B23),CHOOSE(WEEKDAY(B23,2),"Lun","Mar","Mié","Jue","Vie","Sáb","Dom"),"") | K23: =IF(AB23=1,ROUND(AG23/60,4),"") | L23: =IF(BD23=1,ROUND(AP23/60,4),"") | M23: =IF(BD23=1,ROUND(AQ23/60,4),"") | N23: =IF(AND(D23="proMX",AB23=1),ROUND(AG23/CFG_BLK,2),"") | O23: =IF(D23="proMX",IF(BD23=1,ROUND(AG23/60,4),0),"") | P23: =IF(Y23=0,"",IF(BD23=1,"OK",IF(D23="proMX","Revisar bloques: ","Revisar: ")&BC23)) | Q23: =IF(NOT(ISNUMBER(B23)),"",IF(COUNTIFS(FER_F,INT(B23))>0,"Feriado"&IF(AH23=1," (laborable)"," (no laborable)"),IF(AH23=1,"Laborable",IF(WEEKDAY(B23,2)>5,"Fin de semana","No laborable")))) | V23: =IF(AND(D23="proMX",OR(R23="Submitted",R23="Recall Requested"),ISNUMBER(S23)),CFG_TODAY-INT(S23),"") | W23: =IF(BD23=0,"",IF(BA23>0,"⚠ Se superpone con un registro de la otra empresa",IF(D23="Malcolm",IF(COUNTA(R23,S23,T23)>0,"Estado/fechas proMX se ignoran en Malcolm",""),IF(BF23="Cancelled","Cancelado: excluido de totales",IF(R23="","Sin estado: se trata como Draft",IF(BF23="Submitted",IF(ISNUMBER(V23),IF(V23>CFG_MAXD,"⚠ "&V23&" días en Submitted (máx. "&CFG_MAXD&")",""),"Falta fecha de envío"),IF(BF23="Returned","⚠ Devuelto: corregir y reenviar",IF(BF23="Recall Requested","Retirada solicitada: pendiente",IF(AND(BF23="Approved",NOT(ISNUMBER(T23))),"Falta fecha de aprobación",IF(AND(ISNUMBER(S23),ISNUMBER(T23),T23<S23),"Aprobación anterior al envío",""))))))))) | Y23: =IF(COUNTA(B23,D23,E23,F23,G23,H23,I23,J23,R23,S23,T23)>0,1,0) -> 0 | Z23: =IF(AND(ISNUMBER(H23),H23>=0,H23<1),ROUND(H23*1440,0),"") | AA23: =IF(AND(ISNUMBER(I23),I23>=0,I23<1),ROUND(I23*1440,0),"") | AB23: =IF(AND(ISNUMBER(B23),D23<>"",ISNUMBER(Z23),ISNUMBER(AA23)),IF(Z23=AA23,0,1),0) -> 0 | AC23: =IF(AB23=1,IF(AA23<Z23,1,0),0) -> 0 | AD23: =IF(AB23=1,IF(AC23=1,1440-Z23+AA23,AA23-Z23),0) -> 0 | AE23: =IF(J23="",0,IF(ISNUMBER(J23),J23,-1)) -> 0 | AF23: =MIN(MAX(0,AE23),AD23) -> 0 | AG23: =MAX(0,AD23-MAX(0,AE23)) -> 0 | AH23: =IF(ISNUMBER(B23),IF(AND(INDEX(CFG_WDAYS,WEEKDAY(INT(B23),2))="Sí",IF(D23="proMX",COUNTIFS(FER_F,INT(B23),FER_NLP,"Sí"),COUNTIFS(FER_F,INT(B23),FER_NLM,"Sí"))=0),1,0),0) -> 0 | AI23: =IF(AC23=1,IF(AND(INDEX(CFG_WDAYS,WEEKDAY(INT(B23)+1,2))="Sí",IF(D23="proMX",COUNTIFS(FER_F,INT(B23)+1,FER_NLP,"Sí"),COUNTIFS(FER_F,INT(B23)+1,FER_NLM,"Sí"))=0),1,0),0) -> 0 | AJ23: =IF(AC23=1,1440-Z23,AD23) -> 0 | AK23: =IF(AND(AB23=1,AH23=1),MAX(0,MIN(IF(AC23=1,1440,AA23),CFG_WEM)-MAX(Z23,CFG_WSM)),0) -> 0 | AL23: =IF(AND(AC23=1,AI23=1),MAX(0,MIN(AA23,CFG_WEM)-CFG_WSM),0) -> 0 | AM23: =AK23+AL23 -> 0 | AN23: =IF(CFG_BRK="Proporcional",IF(AD23=0,0,AF23*AM23/AD23),IF(CFG_BRK="Extras primero",MIN(AM23,MAX(0,AF23-(AD23-AM23))),MIN(AF23,AM23))) -> 0 | AO23: =AF23-AN23 -> 0 | AP23: =AM23-AN23 -> 0 | AQ23: =AD23-AM23-AO23 -> 0 | AR23: =IF(AM23=0,0,AK23-AN23*AK23/AM23) -> 0 | AS23: =IF(AD23-AM23=0,0,(AJ23-AK23)-AO23*(AJ23-AK23)/(AD23-AM23)) -> 0 | AT23: =IF(AC23=1,INT(B23)+1,"") | AU23: =IF(AND(D23="proMX",R23="Cancelled"),0,1) -> 1 | AV23: =IF(AND(AB23=1,AU23=1),IF(COUNTIFS($D$5:D22,D23,$B$5:B22,B23,$Z$5:Z22,Z23,$AA$5:AA22,AA23,$F$5:F22,F23&"",$AU$5:AU22,1)>0,1,0),0) -> 0 | AW23: =IF(AB23=1,INT(B23)*1440+Z23,"") | AX23: =IF(AB23=1,AW23+AD23,"") | AY23: =IF(AND(AB23=1,AV23=0,AU23=1),1,0) -> 0 | AZ23: =IF(AY23=1,COUNTIFS(R_Emp,D23,R_SAbs,"<"&AX23,R_EAbs,">"&AW23,R_OKey,1)-1,0) -> 0 | BA23: =IF(AY23=1,COUNTIFS(R_Emp,"<>"&D23,R_SAbs,"<"&AX23,R_EAbs,">"&AW23,R_OKey,1),0) -> 0 | BB23: =IF(AND(AB23=1,D23="proMX"),IF(AND(MOD(Z23,CFG_BLK)=0,MOD(AA23,CFG_BLK)=0,MOD(AG23,CFG_BLK)=0,AG23>0),1,0),1) -> 1 | BC23: =IF(Y23=0,"",IF(NOT(ISNUMBER(B23)),"Falta fecha o fecha inválida",IF(D23="","Falta empresa",IF(AND(D23<>"Malcolm",D23<>"proMX"),"Empresa inválida",IF(OR(INT(B23)<CFG_PSTART,INT(B23)>CFG_PEND),"Fecha fuera del período",IF(OR(NOT(ISNUMBER(Z23)),NOT(ISNUMBER(AA23))),"Falta hora inicio/fin o formato inválido",IF(AB23=0,"Hora inicio = hora fin",IF(AE23<0,"Descanso inválido",IF(AE23>=AD23,"Descanso ≥ duración",IF(AV23=1,"Registro duplicado",IF(AZ23>0,"Se superpone con otro registro "&D23,IF(BB23=0,"inicio, fin y duración neta deben ser múltiplos de "&CFG_BLK&" min","")))))))))))) | BD23: =IF(AND(Y23=1,BC23=""),1,0) -> 0 | BE23: =IF(AND(BD23=1,AU23=1),1,0) -> 0 | BF23: =IF(AND(D23="proMX",BD23=1),IF(R23="","Draft",R23),"") | BG23: =IF(BD23=1,ROUND(AG23/60,6),0) -> 0 | BH23: =IF(BE23=1,ROUND(AG23/60,6),0) -> 0 | BI23: =IF(BE23=1,ROUND(AP23/60,6),0) -> 0 | BJ23: =IF(BE23=1,ROUND(AQ23/60,6),0) -> 0 | BK23: =IF(BE23=1,ROUND((AR23+AS23)/60,6),0) -> 0 | BL23: =ROUND(BH23-BK23,6) -> 0 | BM23: =IF(BE23=1,ROUND(AR23/60,6),0) -> 0 | BN23: =ROUND(BI23-BM23,6) -> 0 | BO23: =IF(BE23=1,ROUND(AS23/60,6),0) -> 0 | BP23: =ROUND(BJ23-BO23,6) -> 0 | BQ23: =IF(BE23=1,AW23,0) -> 0 | BR23: =IF(BE23=1,AX23,0) -> 0 | BS23: =IF(AND(BE23=1,D23="Malcolm",BA23>0),MIN(BH23,SUMPRODUCT((R_Emp="proMX")*(R_EN>0)*((R_EN-(R_EN>BR23)*(R_EN-BR23))>(R_SN+(R_SN<BQ23)*(BQ23-R_SN)))*((R_EN-(R_EN>BR23)*(R_EN-BR23))-(R_SN+(R_SN<BQ23)*(BQ23-R_SN))))/60),0) -> 0 | BT23: =IF(AND(BE23=1,D23="proMX"),ROUND(BI23*CFG_RATE+BJ23*CFG_OTRATE,6),0) -> 0 | BU23: =IF(AND(BD23=1,D23="proMX"),ROUND(AG23/CFG_BLK,6),0) -> 0 | BV23: =IF(BF23="Approved",IF(ISNUMBER(T23),INT(T23),INT(B23)),"") | BW23: =IF(ISNUMBER(B23),IF(DB_MON="Todos",1,IF(AND(INT(B23)>=DB_MS,INT(B23)<=DB_ME),1,0)),0) -> 0 | BX23: =IF(DB_PROJ="Todos",1,IF(E23&""=DB_PROJ&"",1,0)) -> 1 | BY23: =BW23*BX23 -> 0 | BZ23: =IF(Y23=1,F23&IF(AND(F23&""<>"",E23&""<>"")," · ","")&E23,"") | CA23: =IF(AND(BD23=1,E23&""<>""),IF(COUNTIFS($E$5:E22,E23,$BD$5:BD22,1)=0,MAX($CA$5:CA22)+1,""),"") | CB23: =IF(AND(BE23=1,D23="Malcolm",E23&""<>""),IF(COUNTIFS($D$5:D22,"Malcolm",$E$5:E22,E23,$BE$5:BE22,1)=0,MAX($CB$5:CB22)+1,""),"") | CC23: =IF(AND(BD23=1,D23="proMX",E23&""<>""),IF(COUNTIFS($D$5:D22,"proMX",$E$5:E22,E23,$BD$5:BD22,1)=0,MAX($CC$5:CC22)+1,""),"") | CD23: =IF(AND(BE23=1,D23="Malcolm",F23&""<>""),IF(COUNTIFS($D$5:D22,"Malcolm",$F$5:F22,F23,$BE$5:BE22,1)=0,MAX($CD$5:CD22)+1,""),"") | CE23: =IF(AND(BD23=1,D23="proMX",F23&""<>""),IF(COUNTIFS($D$5:D22,"proMX",$F$5:F22,F23,$BD$5:BD22,1)=0,MAX($CE$5:CE22)+1,""),"") | CF23: =IF(AND(D23="proMX",BD23=1),IF(OR(BF23="Draft",BF23="Submitted",BF23="Returned",BF23="Recall Requested"),MAX($CF$5:CF22)+1,""),"") | CG23: =IF(BD23=0,0,IF(D23="Malcolm",1,MATCH(BF23,{"Draft","Submitted","Approved","Returned","Recall Requested","Cancelled"},0)+1)) -> 0 | CH23: =IF(AND(BF23="Submitted",ISNUMBER(V23)),IF(V23>CFG_MAXD,1,0),0) -> 0
A24: =IF(Y24=1,ROW()-5,"") | C24: =IF(ISNUMBER(B24),CHOOSE(WEEKDAY(B24,2),"Lun","Mar","Mié","Jue","Vie","Sáb","Dom"),"") | K24: =IF(AB24=1,ROUND(AG24/60,4),"") | L24: =IF(BD24=1,ROUND(AP24/60,4),"") | M24: =IF(BD24=1,ROUND(AQ24/60,4),"") | N24: =IF(AND(D24="proMX",AB24=1),ROUND(AG24/CFG_BLK,2),"") | O24: =IF(D24="proMX",IF(BD24=1,ROUND(AG24/60,4),0),"") | P24: =IF(Y24=0,"",IF(BD24=1,"OK",IF(D24="proMX","Revisar bloques: ","Revisar: ")&BC24)) | Q24: =IF(NOT(ISNUMBER(B24)),"",IF(COUNTIFS(FER_F,INT(B24))>0,"Feriado"&IF(AH24=1," (laborable)"," (no laborable)"),IF(AH24=1,"Laborable",IF(WEEKDAY(B24,2)>5,"Fin de semana","No laborable")))) | V24: =IF(AND(D24="proMX",OR(R24="Submitted",R24="Recall Requested"),ISNUMBER(S24)),CFG_TODAY-INT(S24),"") | W24: =IF(BD24=0,"",IF(BA24>0,"⚠ Se superpone con un registro de la otra empresa",IF(D24="Malcolm",IF(COUNTA(R24,S24,T24)>0,"Estado/fechas proMX se ignoran en Malcolm",""),IF(BF24="Cancelled","Cancelado: excluido de totales",IF(R24="","Sin estado: se trata como Draft",IF(BF24="Submitted",IF(ISNUMBER(V24),IF(V24>CFG_MAXD,"⚠ "&V24&" días en Submitted (máx. "&CFG_MAXD&")",""),"Falta fecha de envío"),IF(BF24="Returned","⚠ Devuelto: corregir y reenviar",IF(BF24="Recall Requested","Retirada solicitada: pendiente",IF(AND(BF24="Approved",NOT(ISNUMBER(T24))),"Falta fecha de aprobación",IF(AND(ISNUMBER(S24),ISNUMBER(T24),T24<S24),"Aprobación anterior al envío",""))))))))) | Y24: =IF(COUNTA(B24,D24,E24,F24,G24,H24,I24,J24,R24,S24,T24)>0,1,0) -> 0 | Z24: =IF(AND(ISNUMBER(H24),H24>=0,H24<1),ROUND(H24*1440,0),"") | AA24: =IF(AND(ISNUMBER(I24),I24>=0,I24<1),ROUND(I24*1440,0),"") | AB24: =IF(AND(ISNUMBER(B24),D24<>"",ISNUMBER(Z24),ISNUMBER(AA24)),IF(Z24=AA24,0,1),0) -> 0 | AC24: =IF(AB24=1,IF(AA24<Z24,1,0),0) -> 0 | AD24: =IF(AB24=1,IF(AC24=1,1440-Z24+AA24,AA24-Z24),0) -> 0 | AE24: =IF(J24="",0,IF(ISNUMBER(J24),J24,-1)) -> 0 | AF24: =MIN(MAX(0,AE24),AD24) -> 0 | AG24: =MAX(0,AD24-MAX(0,AE24)) -> 0 | AH24: =IF(ISNUMBER(B24),IF(AND(INDEX(CFG_WDAYS,WEEKDAY(INT(B24),2))="Sí",IF(D24="proMX",COUNTIFS(FER_F,INT(B24),FER_NLP,"Sí"),COUNTIFS(FER_F,INT(B24),FER_NLM,"Sí"))=0),1,0),0) -> 0 | AI24: =IF(AC24=1,IF(AND(INDEX(CFG_WDAYS,WEEKDAY(INT(B24)+1,2))="Sí",IF(D24="proMX",COUNTIFS(FER_F,INT(B24)+1,FER_NLP,"Sí"),COUNTIFS(FER_F,INT(B24)+1,FER_NLM,"Sí"))=0),1,0),0) -> 0 | AJ24: =IF(AC24=1,1440-Z24,AD24) -> 0 | AK24: =IF(AND(AB24=1,AH24=1),MAX(0,MIN(IF(AC24=1,1440,AA24),CFG_WEM)-MAX(Z24,CFG_WSM)),0) -> 0 | AL24: =IF(AND(AC24=1,AI24=1),MAX(0,MIN(AA24,CFG_WEM)-CFG_WSM),0) -> 0 | AM24: =AK24+AL24 -> 0 | AN24: =IF(CFG_BRK="Proporcional",IF(AD24=0,0,AF24*AM24/AD24),IF(CFG_BRK="Extras primero",MIN(AM24,MAX(0,AF24-(AD24-AM24))),MIN(AF24,AM24))) -> 0 | AO24: =AF24-AN24 -> 0 | AP24: =AM24-AN24 -> 0 | AQ24: =AD24-AM24-AO24 -> 0 | AR24: =IF(AM24=0,0,AK24-AN24*AK24/AM24) -> 0 | AS24: =IF(AD24-AM24=0,0,(AJ24-AK24)-AO24*(AJ24-AK24)/(AD24-AM24)) -> 0 | AT24: =IF(AC24=1,INT(B24)+1,"") | AU24: =IF(AND(D24="proMX",R24="Cancelled"),0,1) -> 1 | AV24: =IF(AND(AB24=1,AU24=1),IF(COUNTIFS($D$5:D23,D24,$B$5:B23,B24,$Z$5:Z23,Z24,$AA$5:AA23,AA24,$F$5:F23,F24&"",$AU$5:AU23,1)>0,1,0),0) -> 0 | AW24: =IF(AB24=1,INT(B24)*1440+Z24,"") | AX24: =IF(AB24=1,AW24+AD24,"") | AY24: =IF(AND(AB24=1,AV24=0,AU24=1),1,0) -> 0 | AZ24: =IF(AY24=1,COUNTIFS(R_Emp,D24,R_SAbs,"<"&AX24,R_EAbs,">"&AW24,R_OKey,1)-1,0) -> 0 | BA24: =IF(AY24=1,COUNTIFS(R_Emp,"<>"&D24,R_SAbs,"<"&AX24,R_EAbs,">"&AW24,R_OKey,1),0) -> 0 | BB24: =IF(AND(AB24=1,D24="proMX"),IF(AND(MOD(Z24,CFG_BLK)=0,MOD(AA24,CFG_BLK)=0,MOD(AG24,CFG_BLK)=0,AG24>0),1,0),1) -> 1 | BC24: =IF(Y24=0,"",IF(NOT(ISNUMBER(B24)),"Falta fecha o fecha inválida",IF(D24="","Falta empresa",IF(AND(D24<>"Malcolm",D24<>"proMX"),"Empresa inválida",IF(OR(INT(B24)<CFG_PSTART,INT(B24)>CFG_PEND),"Fecha fuera del período",IF(OR(NOT(ISNUMBER(Z24)),NOT(ISNUMBER(AA24))),"Falta hora inicio/fin o formato inválido",IF(AB24=0,"Hora inicio = hora fin",IF(AE24<0,"Descanso inválido",IF(AE24>=AD24,"Descanso ≥ duración",IF(AV24=1,"Registro duplicado",IF(AZ24>0,"Se superpone con otro registro "&D24,IF(BB24=0,"inicio, fin y duración neta deben ser múltiplos de "&CFG_BLK&" min","")))))))))))) | BD24: =IF(AND(Y24=1,BC24=""),1,0) -> 0 | BE24: =IF(AND(BD24=1,AU24=1),1,0) -> 0 | BF24: =IF(AND(D24="proMX",BD24=1),IF(R24="","Draft",R24),"") | BG24: =IF(BD24=1,ROUND(AG24/60,6),0) -> 0 | BH24: =IF(BE24=1,ROUND(AG24/60,6),0) -> 0 | BI24: =IF(BE24=1,ROUND(AP24/60,6),0) -> 0 | BJ24: =IF(BE24=1,ROUND(AQ24/60,6),0) -> 0 | BK24: =IF(BE24=1,ROUND((AR24+AS24)/60,6),0) -> 0 | BL24: =ROUND(BH24-BK24,6) -> 0 | BM24: =IF(BE24=1,ROUND(AR24/60,6),0) -> 0 | BN24: =ROUND(BI24-BM24,6) -> 0 | BO24: =IF(BE24=1,ROUND(AS24/60,6),0) -> 0 | BP24: =ROUND(BJ24-BO24,6) -> 0 | BQ24: =IF(BE24=1,AW24,0) -> 0 | BR24: =IF(BE24=1,AX24,0) -> 0 | BS24: =IF(AND(BE24=1,D24="Malcolm",BA24>0),MIN(BH24,SUMPRODUCT((R_Emp="proMX")*(R_EN>0)*((R_EN-(R_EN>BR24)*(R_EN-BR24))>(R_SN+(R_SN<BQ24)*(BQ24-R_SN)))*((R_EN-(R_EN>BR24)*(R_EN-BR24))-(R_SN+(R_SN<BQ24)*(BQ24-R_SN))))/60),0) -> 0 | BT24: =IF(AND(BE24=1,D24="proMX"),ROUND(BI24*CFG_RATE+BJ24*CFG_OTRATE,6),0) -> 0 | BU24: =IF(AND(BD24=1,D24="proMX"),ROUND(AG24/CFG_BLK,6),0) -> 0 | BV24: =IF(BF24="Approved",IF(ISNUMBER(T24),INT(T24),INT(B24)),"") | BW24: =IF(ISNUMBER(B24),IF(DB_MON="Todos",1,IF(AND(INT(B24)>=DB_MS,INT(B24)<=DB_ME),1,0)),0) -> 0 | BX24: =IF(DB_PROJ="Todos",1,IF(E24&""=DB_PROJ&"",1,0)) -> 1 | BY24: =BW24*BX24 -> 0 | BZ24: =IF(Y24=1,F24&IF(AND(F24&""<>"",E24&""<>"")," · ","")&E24,"") | CA24: =IF(AND(BD24=1,E24&""<>""),IF(COUNTIFS($E$5:E23,E24,$BD$5:BD23,1)=0,MAX($CA$5:CA23)+1,""),"") | CB24: =IF(AND(BE24=1,D24="Malcolm",E24&""<>""),IF(COUNTIFS($D$5:D23,"Malcolm",$E$5:E23,E24,$BE$5:BE23,1)=0,MAX($CB$5:CB23)+1,""),"") | CC24: =IF(AND(BD24=1,D24="proMX",E24&""<>""),IF(COUNTIFS($D$5:D23,"proMX",$E$5:E23,E24,$BD$5:BD23,1)=0,MAX($CC$5:CC23)+1,""),"") | CD24: =IF(AND(BE24=1,D24="Malcolm",F24&""<>""),IF(COUNTIFS($D$5:D23,"Malcolm",$F$5:F23,F24,$BE$5:BE23,1)=0,MAX($CD$5:CD23)+1,""),"") | CE24: =IF(AND(BD24=1,D24="proMX",F24&""<>""),IF(COUNTIFS($D$5:D23,"proMX",$F$5:F23,F24,$BD$5:BD23,1)=0,MAX($CE$5:CE23)+1,""),"") | CF24: =IF(AND(D24="proMX",BD24=1),IF(OR(BF24="Draft",BF24="Submitted",BF24="Returned",BF24="Recall Requested"),MAX($CF$5:CF23)+1,""),"") | CG24: =IF(BD24=0,0,IF(D24="Malcolm",1,MATCH(BF24,{"Draft","Submitted","Approved","Returned","Recall Requested","Cancelled"},0)+1)) -> 0 | CH24: =IF(AND(BF24="Submitted",ISNUMBER(V24)),IF(V24>CFG_MAXD,1,0),0) -> 0
... A1505: =IF(Y1505=1,ROW()-5,"") | C1505: =IF(ISNUMBER(B1505),CHOOSE(WEEKDAY(B1505,2),"Lun","Mar","Mié","Jue","Vie","Sáb","Dom"),"") | K1505: =IF(AB1505=1,ROUND(AG1505/60,4),"") | L1505: =IF(BD1505=1,ROUND(AP1505/60,4),"") | M1505: =IF(BD1505=1,ROUND(AQ1505/60,4),"") | N1505: =IF(AND(D1505="proMX",AB1505=1),ROUND(AG1505/CFG_BLK,2),"") | O1505: =IF(D1505="proMX",IF(BD1505=1,ROUND(AG1505/60,4),0),"") | P1505: =IF(Y1505=0,"",IF(BD1505=1,"OK",IF(D1505="proMX","Revisar bloques: ","Revisar: ")&BC1505)) | Q1505: =IF(NOT(ISNUMBER(B1505)),"",IF(COUNTIFS(FER_F,INT(B1505))>0,"Feriado"&IF(AH1505=1," (laborable)"," (no laborable)"),IF(AH1505=1,"Laborable",IF(WEEKDAY(B1505,2)>5,"Fin de semana","No laborable")))) | V1505: =IF(AND(D1505="proMX",OR(R1505="Submitted",R1505="Recall Requested"),ISNUMBER(S1505)),CFG_TODAY-INT(S1505),"") | W1505: =IF(BD1505=0,"",IF(BA1505>0,"⚠ Se superpone con un registro de la otra empresa",IF(D1505="Malcolm",IF(COUNTA(R1505,S1505,T1505)>0,"Estado/fechas proMX se ignoran en Malcolm",""),IF(BF1505="Cancelled","Cancelado: excluido de totales",IF(R1505="","Sin estado: se trata como Draft",IF(BF1505="Submitted",IF(ISNUMBER(V1505),IF(V1505>CFG_MAXD,"⚠ "&V1505&" días en Submitted (máx. "&CFG_MAXD&")",""),"Falta fecha de envío"),IF(BF1505="Returned","⚠ Devuelto: corregir y reenviar",IF(BF1505="Recall Requested","Retirada solicitada: pendiente",IF(AND(BF1505="Approved",NOT(ISNUMBER(T1505))),"Falta fecha de aprobación",IF(AND(ISNUMBER(S1505),ISNUMBER(T1505),T1505<S1505),"Aprobación anterior al envío",""))))))))) | Y1505: =IF(COUNTA(B1505,D1505,E1505,F1505,G1505,H1505,I1505,J1505,R1505,S1505,T1505)>0,1,0) -> 0 | Z1505: =IF(AND(ISNUMBER(H1505),H1505>=0,H1505<1),ROUND(H1505*1440,0),"") | AA1505: =IF(AND(ISNUMBER(I1505),I1505>=0,I1505<1),ROUND(I1505*1440,0),"") | AB1505: =IF(AND(ISNUMBER(B1505),D1505<>"",ISNUMBER(Z1505),ISNUMBER(AA1505)),IF(Z1505=AA1505,0,1),0) -> 0 | AC1505: =IF(AB1505=1,IF(AA1505<Z1505,1,0),0) -> 0 | AD1505: =IF(AB1505=1,IF(AC1505=1,1440-Z1505+AA1505,AA1505-Z1505),0) -> 0 | AE1505: =IF(J1505="",0,IF(ISNUMBER(J1505),J1505,-1)) -> 0 | AF1505: =MIN(MAX(0,AE1505),AD1505) -> 0 | AG1505: =MAX(0,AD1505-MAX(0,AE1505)) -> 0 | AH1505: =IF(ISNUMBER(B1505),IF(AND(INDEX(CFG_WDAYS,WEEKDAY(INT(B1505),2))="Sí",IF(D1505="proMX",COUNTIFS(FER_F,INT(B1505),FER_NLP,"Sí"),COUNTIFS(FER_F,INT(B1505),FER_NLM,"Sí"))=0),1,0),0) -> 0 | AI1505: =IF(AC1505=1,IF(AND(INDEX(CFG_WDAYS,WEEKDAY(INT(B1505)+1,2))="Sí",IF(D1505="proMX",COUNTIFS(FER_F,INT(B1505)+1,FER_NLP,"Sí"),COUNTIFS(FER_F,INT(B1505)+1,FER_NLM,"Sí"))=0),1,0),0) -> 0 | AJ1505: =IF(AC1505=1,1440-Z1505,AD1505) -> 0 | AK1505: =IF(AND(AB1505=1,AH1505=1),MAX(0,MIN(IF(AC1505=1,1440,AA1505),CFG_WEM)-MAX(Z1505,CFG_WSM)),0) -> 0 | AL1505: =IF(AND(AC1505=1,AI1505=1),MAX(0,MIN(AA1505,CFG_WEM)-CFG_WSM),0) -> 0 | AM1505: =AK1505+AL1505 -> 0 | AN1505: =IF(CFG_BRK="Proporcional",IF(AD1505=0,0,AF1505*AM1505/AD1505),IF(CFG_BRK="Extras primero",MIN(AM1505,MAX(0,AF1505-(AD1505-AM1505))),MIN(AF1505,AM1505))) -> 0 | AO1505: =AF1505-AN1505 -> 0 | AP1505: =AM1505-AN1505 -> 0 | AQ1505: =AD1505-AM1505-AO1505 -> 0 | AR1505: =IF(AM1505=0,0,AK1505-AN1505*AK1505/AM1505) -> 0 | AS1505: =IF(AD1505-AM1505=0,0,(AJ1505-AK1505)-AO1505*(AJ1505-AK1505)/(AD1505-AM1505)) -> 0 | AT1505: =IF(AC1505=1,INT(B1505)+1,"") | AU1505: =IF(AND(D1505="proMX",R1505="Cancelled"),0,1) -> 1 | AV1505: =IF(AND(AB1505=1,AU1505=1),IF(COUNTIFS($D$5:D1504,D1505,$B$5:B1504,B1505,$Z$5:Z1504,Z1505,$AA$5:AA1504,AA1505,$F$5:F1504,F1505&"",$AU$5:AU1504,1)>0,1,0),0) -> 0 | AW1505: =IF(AB1505=1,INT(B1505)*1440+Z1505,"") | AX1505: =IF(AB1505=1,AW1505+AD1505,"") | AY1505: =IF(AND(AB1505=1,AV1505=0,AU1505=1),1,0) -> 0 | AZ1505: =IF(AY1505=1,COUNTIFS(R_Emp,D1505,R_SAbs,"<"&AX1505,R_EAbs,">"&AW1505,R_OKey,1)-1,0) -> 0 | BA1505: =IF(AY1505=1,COUNTIFS(R_Emp,"<>"&D1505,R_SAbs,"<"&AX1505,R_EAbs,">"&AW1505,R_OKey,1),0) -> 0 | BB1505: =IF(AND(AB1505=1,D1505="proMX"),IF(AND(MOD(Z1505,CFG_BLK)=0,MOD(AA1505,CFG_BLK)=0,MOD(AG1505,CFG_BLK)=0,AG1505>0),1,0),1) -> 1 | BC1505: =IF(Y1505=0,"",IF(NOT(ISNUMBER(B1505)),"Falta fecha o fecha inválida",IF(D1505="","Falta empresa",IF(AND(D1505<>"Malcolm",D1505<>"proMX"),"Empresa inválida",IF(OR(INT(B1505)<CFG_PSTART,INT(B1505)>CFG_PEND),"Fecha fuera del período",IF(OR(NOT(ISNUMBER(Z1505)),NOT(ISNUMBER(AA1505))),"Falta hora inicio/fin o formato inválido",IF(AB1505=0,"Hora inicio = hora fin",IF(AE1505<0,"Descanso inválido",IF(AE1505>=AD1505,"Descanso ≥ duración",IF(AV1505=1,"Registro duplicado",IF(AZ1505>0,"Se superpone con otro registro "&D1505,IF(BB1505=0,"inicio, fin y duración neta deben ser múltiplos de "&CFG_BLK&" min","")))))))))))) | BD1505: =IF(AND(Y1505=1,BC1505=""),1,0) -> 0 | BE1505: =IF(AND(BD1505=1,AU1505=1),1,0) -> 0 | BF1505: =IF(AND(D1505="proMX",BD1505=1),IF(R1505="","Draft",R1505),"") | BG1505: =IF(BD1505=1,ROUND(AG1505/60,6),0) -> 0 | BH1505: =IF(BE1505=1,ROUND(AG1505/60,6),0) -> 0 | BI1505: =IF(BE1505=1,ROUND(AP1505/60,6),0) -> 0 | BJ1505: =IF(BE1505=1,ROUND(AQ1505/60,6),0) -> 0 | BK1505: =IF(BE1505=1,ROUND((AR1505+AS1505)/60,6),0) -> 0 | BL1505: =ROUND(BH1505-BK1505,6) -> 0 | BM1505: =IF(BE1505=1,ROUND(AR1505/60,6),0) -> 0 | BN1505: =ROUND(BI1505-BM1505,6) -> 0 | BO1505: =IF(BE1505=1,ROUND(AS1505/60,6),0) -> 0 | BP1505: =ROUND(BJ1505-BO1505,6) -> 0 | BQ1505: =IF(BE1505=1,AW1505,0) -> 0 | BR1505: =IF(BE1505=1,AX1505,0) -> 0 | BS1505: =IF(AND(BE1505=1,D1505="Malcolm",BA1505>0),MIN(BH1505,SUMPRODUCT((R_Emp="proMX")*(R_EN>0)*((R_EN-(R_EN>BR1505)*(R_EN-BR1505))>(R_SN+(R_SN<BQ1505)*(BQ1505-R_SN)))*((R_EN-(R_EN>BR1505)*(R_EN-BR1505))-(R_SN+(R_SN<BQ1505)*(BQ1505-R_SN))))/60),0) -> 0 | BT1505: =IF(AND(BE1505=1,D1505="proMX"),ROUND(BI1505*CFG_RATE+BJ1505*CFG_OTRATE,6),0) -> 0 | BU1505: =IF(AND(BD1505=1,D1505="proMX"),ROUND(AG1505/CFG_BLK,6),0) -> 0 | BV1505: =IF(BF1505="Approved",IF(ISNUMBER(T1505),INT(T1505),INT(B1505)),"") | BW1505: =IF(ISNUMBER(B1505),IF(DB_MON="Todos",1,IF(AND(INT(B1505)>=DB_MS,INT(B1505)<=DB_ME),1,0)),0) -> 0 | BX1505: =IF(DB_PROJ="Todos",1,IF(E1505&""=DB_PROJ&"",1,0)) -> 1 | BY1505: =BW1505*BX1505 -> 0 | BZ1505: =IF(Y1505=1,F1505&IF(AND(F1505&""<>"",E1505&""<>"")," · ","")&E1505,"") | CA1505: =IF(AND(BD1505=1,E1505&""<>""),IF(COUNTIFS($E$5:E1504,E1505,$BD$5:BD1504,1)=0,MAX($CA$5:CA1504)+1,""),"") | CB1505: =IF(AND(BE1505=1,D1505="Malcolm",E1505&""<>""),IF(COUNTIFS($D$5:D1504,"Malcolm",$E$5:E1504,E1505,$BE$5:BE1504,1)=0,MAX($CB$5:CB1504)+1,""),"") | CC1505: =IF(AND(BD1505=1,D1505="proMX",E1505&""<>""),IF(COUNTIFS($D$5:D1504,"proMX",$E$5:E1504,E1505,$BD$5:BD1504,1)=0,MAX($CC$5:CC1504)+1,""),"") | CD1505: =IF(AND(BE1505=1,D1505="Malcolm",F1505&""<>""),IF(COUNTIFS($D$5:D1504,"Malcolm",$F$5:F1504,F1505,$BE$5:BE1504,1)=0,MAX($CD$5:CD1504)+1,""),"") | CE1505: =IF(AND(BD1505=1,D1505="proMX",F1505&""<>""),IF(COUNTIFS($D$5:D1504,"proMX",$F$5:F1504,F1505,$BD$5:BD1504,1)=0,MAX($CE$5:CE1504)+1,""),"") | CF1505: =IF(AND(D1505="proMX",BD1505=1),IF(OR(BF1505="Draft",BF1505="Submitted",BF1505="Returned",BF1505="Recall Requested"),MAX($CF$5:CF1504)+1,""),"") | CG1505: =IF(BD1505=0,0,IF(D1505="Malcolm",1,MATCH(BF1505,{"Draft","Submitted","Approved","Returned","Recall Requested","Cancelled"},0)+1)) -> 0 | CH1505: =IF(AND(BF1505="Submitted",ISNUMBER(V1505)),IF(V1505>CFG_MAXD,1,0),0) -> 0

Sheet Calendario Visual
B1: 🗓 Calendario Visual
B2: Vista semanal (06:00–23:00, intervalos de 30 min) y vista mensual. Se alimenta de Registro de Horas: no requiere doble carga.
A3: Semana: | B3: 46300 | C3: =B3-WEEKDAY(B3,2)+1 -> 46300 | D3: =C3+6 -> 46306 | E3: Malcolm | F3: Draft | G3: Submitted | H3: Approved
E4: Returned | F4: Recall Req. | G4: ⚠ Superposición | H4: Cancelados e inválidos no se dibujan
A6: Hora | B6: Lunes | C6: Martes | D6: Miércoles | E6: Jueves | F6: Viernes | G6: Sábado | H6: Domingo
A7: Fecha | B7: =CAL_MON+0 -> 46300 | C7: =CAL_MON+1 -> 46301 | D7: =CAL_MON+2 -> 46302 | E7: =CAL_MON+3 -> 46303 | F7: =CAL_MON+4 -> 46304 | G7: =CAL_MON+5 -> 46305 | H7: =CAL_MON+6 -> 46306
A8: Tipo | B8: =IF(COUNTIFS(FER_F,B7)>0,"Feriado: "&INDEX(FER_N,MATCH(B7,FER_F,0)),IF(INDEX(CFG_WDAYS,WEEKDAY(B7,2))="Sí","Laborable","No laborable")) -> Laborable | C8: =IF(COUNTIFS(FER_F,C7)>0,"Feriado: "&INDEX(FER_N,MATCH(C7,FER_F,0)),IF(INDEX(CFG_WDAYS,WEEKDAY(C7,2))="Sí","Laborable","No laborable")) -> Laborable | D8: =IF(COUNTIFS(FER_F,D7)>0,"Feriado: "&INDEX(FER_N,MATCH(D7,FER_F,0)),IF(INDEX(CFG_WDAYS,WEEKDAY(D7,2))="Sí","Laborable","No laborable")) -> Laborable | E8: =IF(COUNTIFS(FER_F,E7)>0,"Feriado: "&INDEX(FER_N,MATCH(E7,FER_F,0)),IF(INDEX(CFG_WDAYS,WEEKDAY(E7,2))="Sí","Laborable","No laborable")) -> Laborable | F8: =IF(COUNTIFS(FER_F,F7)>0,"Feriado: "&INDEX(FER_N,MATCH(F7,FER_F,0)),IF(INDEX(CFG_WDAYS,WEEKDAY(F7,2))="Sí","Laborable","No laborable")) -> Laborable | G8: =IF(COUNTIFS(FER_F,G7)>0,"Feriado: "&INDEX(FER_N,MATCH(G7,FER_F,0)),IF(INDEX(CFG_WDAYS,WEEKDAY(G7,2))="Sí","Laborable","No laborable")) -> No laborable | H8: =IF(COUNTIFS(FER_F,H7)>0,"Feriado: "&INDEX(FER_N,MATCH(H7,FER_F,0)),IF(INDEX(CFG_WDAYS,WEEKDAY(H7,2))="Sí","Laborable","No laborable")) -> No laborable
A9: Malcolm | B9: =SUMIFS(R_HD0,R_Emp,"Malcolm",R_Fecha,B$7)+SUMIFS(R_HD1,R_Emp,"Malcolm",R_D1,B$7) -> 6.333333 | C9: =SUMIFS(R_HD0,R_Emp,"Malcolm",R_Fecha,C$7)+SUMIFS(R_HD1,R_Emp,"Malcolm",R_D1,C$7) -> 0 | D9: =SUMIFS(R_HD0,R_Emp,"Malcolm",R_Fecha,D$7)+SUMIFS(R_HD1,R_Emp,"Malcolm",R_D1,D$7) -> 0 | E9: =SUMIFS(R_HD0,R_Emp,"Malcolm",R_Fecha,E$7)+SUMIFS(R_HD1,R_Emp,"Malcolm",R_D1,E$7) -> 0 | F9: =SUMIFS(R_HD0,R_Emp,"Malcolm",R_Fecha,F$7)+SUMIFS(R_HD1,R_Emp,"Malcolm",R_D1,F$7) -> 0 | G9: =SUMIFS(R_HD0,R_Emp,"Malcolm",R_Fecha,G$7)+SUMIFS(R_HD1,R_Emp,"Malcolm",R_D1,G$7) -> 0 | H9: =SUMIFS(R_HD0,R_Emp,"Malcolm",R_Fecha,H$7)+SUMIFS(R_HD1,R_Emp,"Malcolm",R_D1,H$7) -> 0
A10: proMX | B10: =SUMIFS(R_HD0,R_Emp,"proMX",R_Fecha,B$7)+SUMIFS(R_HD1,R_Emp,"proMX",R_D1,B$7) -> 0 | C10: =SUMIFS(R_HD0,R_Emp,"proMX",R_Fecha,C$7)+SUMIFS(R_HD1,R_Emp,"proMX",R_D1,C$7) -> 1.5 | D10: =SUMIFS(R_HD0,R_Emp,"proMX",R_Fecha,D$7)+SUMIFS(R_HD1,R_Emp,"proMX",R_D1,D$7) -> 0 | E10: =SUMIFS(R_HD0,R_Emp,"proMX",R_Fecha,E$7)+SUMIFS(R_HD1,R_Emp,"proMX",R_D1,E$7) -> 0 | F10: =SUMIFS(R_HD0,R_Emp,"proMX",R_Fecha,F$7)+SUMIFS(R_HD1,R_Emp,"proMX",R_D1,F$7) -> 0 | G10: =SUMIFS(R_HD0,R_Emp,"proMX",R_Fecha,G$7)+SUMIFS(R_HD1,R_Emp,"proMX",R_D1,G$7) -> 0 | H10: =SUMIFS(R_HD0,R_Emp,"proMX",R_Fecha,H$7)+SUMIFS(R_HD1,R_Emp,"proMX",R_D1,H$7) -> 0
A11: Total | B11: =B9+B10 -> 6.333333 | C11: =C9+C10 -> 1.5 | D11: =D9+D10 -> 0 | E11: =E9+E10 -> 0 | F11: =F9+F10 -> 0 | G11: =G9+G10 -> 0 | H11: =H9+H10 -> 0
A13: 0.25 | B13: =IF(O13=0,"",IF(O13=8,"⚠ Malcolm + proMX",IF(O13=1,IF(K13>1,"Malcolm ("&K13&" tareas)",IF(OR(TRUE,INDEX(R_SN,L13)>=(INT(B$7)*1440+360)),"Malcolm · "&INDEX(R_Label,L13)&" ("&TEXT(INDEX(R_Ini,L13),"hh:mm")&"–"&TEXT(INDEX(R_Fin,L13),"hh:mm")&")","")),IF(OR(TRUE,INDEX(R_SN,N13)>=(INT(B$7)*1440+360)),"proMX · "&INDEX(R_Label,N13)&" · "&INDEX(R_St,N13),"")))) | C13: =IF(T13=0,"",IF(T13=8,"⚠ Malcolm + proMX",IF(T13=1,IF(P13>1,"Malcolm ("&P13&" tareas)",IF(OR(TRUE,INDEX(R_SN,Q13)>=(INT(C$7)*1440+360)),"Malcolm · "&INDEX(R_Label,Q13)&" ("&TEXT(INDEX(R_Ini,Q13),"hh:mm")&"–"&TEXT(INDEX(R_Fin,Q13),"hh:mm")&")","")),IF(OR(TRUE,INDEX(R_SN,S13)>=(INT(C$7)*1440+360)),"proMX · "&INDEX(R_Label,S13)&" · "&INDEX(R_St,S13),"")))) | D13: =IF(Y13=0,"",IF(Y13=8,"⚠ Malcolm + proMX",IF(Y13=1,IF(U13>1,"Malcolm ("&U13&" tareas)",IF(OR(TRUE,INDEX(R_SN,V13)>=(INT(D$7)*1440+360)),"Malcolm · "&INDEX(R_Label,V13)&" ("&TEXT(INDEX(R_Ini,V13),"hh:mm")&"–"&TEXT(INDEX(R_Fin,V13),"hh:mm")&")","")),IF(OR(TRUE,INDEX(R_SN,X13)>=(INT(D$7)*1440+360)),"proMX · "&INDEX(R_Label,X13)&" · "&INDEX(R_St,X13),"")))) | E13: =IF(AD13=0,"",IF(AD13=8,"⚠ Malcolm + proMX",IF(AD13=1,IF(Z13>1,"Malcolm ("&Z13&" tareas)",IF(OR(TRUE,INDEX(R_SN,AA13)>=(INT(E$7)*1440+360)),"Malcolm · "&INDEX(R_Label,AA13)&" ("&TEXT(INDEX(R_Ini,AA13),"hh:mm")&"–"&TEXT(INDEX(R_Fin,AA13),"hh:mm")&")","")),IF(OR(TRUE,INDEX(R_SN,AC13)>=(INT(E$7)*1440+360)),"proMX · "&INDEX(R_Label,AC13)&" · "&INDEX(R_St,AC13),"")))) | F13: =IF(AI13=0,"",IF(AI13=8,"⚠ Malcolm + proMX",IF(AI13=1,IF(AE13>1,"Malcolm ("&AE13&" tareas)",IF(OR(TRUE,INDEX(R_SN,AF13)>=(INT(F$7)*1440+360)),"Malcolm · "&INDEX(R_Label,AF13)&" ("&TEXT(INDEX(R_Ini,AF13),"hh:mm")&"–"&TEXT(INDEX(R_Fin,AF13),"hh:mm")&")","")),IF(OR(TRUE,INDEX(R_SN,AH13)>=(INT(F$7)*1440+360)),"proMX · "&INDEX(R_Label,AH13)&" · "&INDEX(R_St,AH13),"")))) | G13: =IF(AN13=0,"",IF(AN13=8,"⚠ Malcolm + proMX",IF(AN13=1,IF(AJ13>1,"Malcolm ("&AJ13&" tareas)",IF(OR(TRUE,INDEX(R_SN,AK13)>=(INT(G$7)*1440+360)),"Malcolm · "&INDEX(R_Label,AK13)&" ("&TEXT(INDEX(R_Ini,AK13),"hh:mm")&"–"&TEXT(INDEX(R_Fin,AK13),"hh:mm")&")","")),IF(OR(TRUE,INDEX(R_SN,AM13)>=(INT(G$7)*1440+360)),"proMX · "&INDEX(R_Label,AM13)&" · "&INDEX(R_St,AM13),"")))) | H13: =IF(AS13=0,"",IF(AS13=8,"⚠ Malcolm + proMX",IF(AS13=1,IF(AO13>1,"Malcolm ("&AO13&" tareas)",IF(OR(TRUE,INDEX(R_SN,AP13)>=(INT(H$7)*1440+360)),"Malcolm · "&INDEX(R_Label,AP13)&" ("&TEXT(INDEX(R_Ini,AP13),"hh:mm")&"–"&TEXT(INDEX(R_Fin,AP13),"hh:mm")&")","")),IF(OR(TRUE,INDEX(R_SN,AR13)>=(INT(H$7)*1440+360)),"proMX · "&INDEX(R_Label,AR13)&" · "&INDEX(R_St,AR13),"")))) | K13: =COUNTIFS(R_Emp,"Malcolm",R_Cnt,1,R_SN,"<"&((INT(B$7)*1440+360)+30),R_EN,">"&(INT(B$7)*1440+360)) -> 0 | L13: =IF(K13>0,_xlfn.MINIFS(R_ID,R_Emp,"Malcolm",R_Cnt,1,R_SN,"<"&((INT(B$7)*1440+360)+30),R_EN,">"&(INT(B$7)*1440+360)),0) -> 0 | M13: =COUNTIFS(R_Emp,"proMX",R_Cnt,1,R_SN,"<"&((INT(B$7)*1440+360)+30),R_EN,">"&(INT(B$7)*1440+360)) -> 0 | N13: =IF(M13>0,_xlfn.MINIFS(R_ID,R_Emp,"proMX",R_Cnt,1,R_SN,"<"&((INT(B$7)*1440+360)+30),R_EN,">"&(INT(B$7)*1440+360)),0) -> 0 | O13: =IF(AND(K13>0,M13>0),8,IF(K13>0,1,IF(M13>0,INDEX(R_StCode,N13),0))) -> 0 | P13: =COUNTIFS(R_Emp,"Malcolm",R_Cnt,1,R_SN,"<"&((INT(C$7)*1440+360)+30),R_EN,">"&(INT(C$7)*1440+360)) -> 0 | Q13: =IF(P13>0,_xlfn.MINIFS(R_ID,R_Emp,"Malcolm",R_Cnt,1,R_SN,"<"&((INT(C$7)*1440+360)+30),R_EN,">"&(INT(C$7)*1440+360)),0) -> 0 | R13: =COUNTIFS(R_Emp,"proMX",R_Cnt,1,R_SN,"<"&((INT(C$7)*1440+360)+30),R_EN,">"&(INT(C$7)*1440+360)) -> 0 | S13: =IF(R13>0,_xlfn.MINIFS(R_ID,R_Emp,"proMX",R_Cnt,1,R_SN,"<"&((INT(C$7)*1440+360)+30),R_EN,">"&(INT(C$7)*1440+360)),0) -> 0 | T13: =IF(AND(P13>0,R13>0),8,IF(P13>0,1,IF(R13>0,INDEX(R_StCode,S13),0))) -> 0 | U13: =COUNTIFS(R_Emp,"Malcolm",R_Cnt,1,R_SN,"<"&((INT(D$7)*1440+360)+30),R_EN,">"&(INT(D$7)*1440+360)) -> 0 | V13: =IF(U13>0,_xlfn.MINIFS(R_ID,R_Emp,"Malcolm",R_Cnt,1,R_SN,"<"&((INT(D$7)*1440+360)+30),R_EN,">"&(INT(D$7)*1440+360)),0) -> 0 | W13: =COUNTIFS(R_Emp,"proMX",R_Cnt,1,R_SN,"<"&((INT(D$7)*1440+360)+30),R_EN,">"&(INT(D$7)*1440+360)) -> 0 | X13: =IF(W13>0,_xlfn.MINIFS(R_ID,R_Emp,"proMX",R_Cnt,1,R_SN,"<"&((INT(D$7)*1440+360)+30),R_EN,">"&(INT(D$7)*1440+360)),0) -> 0 | Y13: =IF(AND(U13>0,W13>0),8,IF(U13>0,1,IF(W13>0,INDEX(R_StCode,X13),0))) -> 0 | Z13: =COUNTIFS(R_Emp,"Malcolm",R_Cnt,1,R_SN,"<"&((INT(E$7)*1440+360)+30),R_EN,">"&(INT(E$7)*1440+360)) -> 0 | AA13: =IF(Z13>0,_xlfn.MINIFS(R_ID,R_Emp,"Malcolm",R_Cnt,1,R_SN,"<"&((INT(E$7)*1440+360)+30),R_EN,">"&(INT(E$7)*1440+360)),0) -> 0 | AB13: =COUNTIFS(R_Emp,"proMX",R_Cnt,1,R_SN,"<"&((INT(E$7)*1440+360)+30),R_EN,">"&(INT(E$7)*1440+360)) -> 0 | AC13: =IF(AB13>0,_xlfn.MINIFS(R_ID,R_Emp,"proMX",R_Cnt,1,R_SN,"<"&((INT(E$7)*1440+360)+30),R_EN,">"&(INT(E$7)*1440+360)),0) -> 0 | AD13: =IF(AND(Z13>0,AB13>0),8,IF(Z13>0,1,IF(AB13>0,INDEX(R_StCode,AC13),0))) -> 0 | AE13: =COUNTIFS(R_Emp,"Malcolm",R_Cnt,1,R_SN,"<"&((INT(F$7)*1440+360)+30),R_EN,">"&(INT(F$7)*1440+360)) -> 0 | AF13: =IF(AE13>0,_xlfn.MINIFS(R_ID,R_Emp,"Malcolm",R_Cnt,1,R_SN,"<"&((INT(F$7)*1440+360)+30),R_EN,">"&(INT(F$7)*1440+360)),0) -> 0 | AG13: =COUNTIFS(R_Emp,"proMX",R_Cnt,1,R_SN,"<"&((INT(F$7)*1440+360)+30),R_EN,">"&(INT(F$7)*1440+360)) -> 0 | AH13: =IF(AG13>0,_xlfn.MINIFS(R_ID,R_Emp,"proMX",R_Cnt,1,R_SN,"<"&((INT(F$7)*1440+360)+30),R_EN,">"&(INT(F$7)*1440+360)),0) -> 0 | AI13: =IF(AND(AE13>0,AG13>0),8,IF(AE13>0,1,IF(AG13>0,INDEX(R_StCode,AH13),0))) -> 0 | AJ13: =COUNTIFS(R_Emp,"Malcolm",R_Cnt,1,R_SN,"<"&((INT(G$7)*1440+360)+30),R_EN,">"&(INT(G$7)*1440+360)) -> 0 | AK13: =IF(AJ13>0,_xlfn.MINIFS(R_ID,R_Emp,"Malcolm",R_Cnt,1,R_SN,"<"&((INT(G$7)*1440+360)+30),R_EN,">"&(INT(G$7)*1440+360)),0) -> 0 | AL13: =COUNTIFS(R_Emp,"proMX",R_Cnt,1,R_SN,"<"&((INT(G$7)*1440+360)+30),R_EN,">"&(INT(G$7)*1440+360)) -> 0 | AM13: =IF(AL13>0,_xlfn.MINIFS(R_ID,R_Emp,"proMX",R_Cnt,1,R_SN,"<"&((INT(G$7)*1440+360)+30),R_EN,">"&(INT(G$7)*1440+360)),0) -> 0 | AN13: =IF(AND(AJ13>0,AL13>0),8,IF(AJ13>0,1,IF(AL13>0,INDEX(R_StCode,AM13),0))) -> 0 | AO13: =COUNTIFS(R_Emp,"Malcolm",R_Cnt,1,R_SN,"<"&((INT(H$7)*1440+360)+30),R_EN,">"&(INT(H$7)*1440+360)) -> 0 | AP13: =IF(AO13>0,_xlfn.MINIFS(R_ID,R_Emp,"Malcolm",R_Cnt,1,R_SN,"<"&((INT(H$7)*1440+360)+30),R_EN,">"&(INT(H$7)*1440+360)),0) -> 0 | AQ13: =COUNTIFS(R_Emp,"proMX",R_Cnt,1,R_SN,"<"&((INT(H$7)*1440+360)+30),R_EN,">"&(INT(H$7)*1440+360)) -> 0 | AR13: =IF(AQ13>0,_xlfn.MINIFS(R_ID,R_Emp,"proMX",R_Cnt,1,R_SN,"<"&((INT(H$7)*1440+360)+30),R_EN,">"&(INT(H$7)*1440+360)),0) -> 0 | AS13: =IF(AND(AO13>0,AQ13>0),8,IF(AO13>0,1,IF(AQ13>0,INDEX(R_StCode,AR13),0))) -> 0
A14: 0.27083333 | B14: =IF(O14=0,"",IF(O14=8,"⚠ Malcolm + proMX",IF(O14=1,IF(K14>1,"Malcolm ("&K14&" tareas)",IF(OR(FALSE,INDEX(R_SN,L14)>=(INT(B$7)*1440+390)),"Malcolm · "&INDEX(R_Label,L14)&" ("&TEXT(INDEX(R_Ini,L14),"hh:mm")&"–"&TEXT(INDEX(R_Fin,L14),"hh:mm")&")","")),IF(OR(FALSE,INDEX(R_SN,N14)>=(INT(B$7)*1440+390)),"proMX · "&INDEX(R_Label,N14)&" · "&INDEX(R_St,N14),"")))) | C14: =IF(T14=0,"",IF(T14=8,"⚠ Malcolm + proMX",IF(T14=1,IF(P14>1,"Malcolm ("&P14&" tareas)",IF(OR(FALSE,INDEX(R_SN,Q14)>=(INT(C$7)*1440+390)),"Malcolm · "&INDEX(R_Label,Q14)&" ("&TEXT(INDEX(R_Ini,Q14),"hh:mm")&"–"&TEXT(INDEX(R_Fin,Q14),"hh:mm")&")","")),IF(OR(FALSE,INDEX(R_SN,S14)>=(INT(C$7)*1440+390)),"proMX · "&INDEX(R_Label,S14)&" · "&INDEX(R_St,S14),"")))) | D14: =IF(Y14=0,"",IF(Y14=8,"⚠ Malcolm + proMX",IF(Y14=1,IF(U14>1,"Malcolm ("&U14&" tareas)",IF(OR(FALSE,INDEX(R_SN,V14)>=(INT(D$7)*1440+390)),"Malcolm · "&INDEX(R_Label,V14)&" ("&TEXT(INDEX(R_Ini,V14),"hh:mm")&"–"&TEXT(INDEX(R_Fin,V14),"hh:mm")&")","")),IF(OR(FALSE,INDEX(R_SN,X14)>=(INT(D$7)*1440+390)),"proMX · "&INDEX(R_Label,X14)&" · "&INDEX(R_St,X14),"")))) | E14: =IF(AD14=0,"",IF(AD14=8,"⚠ Malcolm + proMX",IF(AD14=1,IF(Z14>1,"Malcolm ("&Z14&" tareas)",IF(OR(FALSE,INDEX(R_SN,AA14)>=(INT(E$7)*1440+390)),"Malcolm · "&INDEX(R_Label,AA14)&" ("&TEXT(INDEX(R_Ini,AA14),"hh:mm")&"–"&TEXT(INDEX(R_Fin,AA14),"hh:mm")&")","")),IF(OR(FALSE,INDEX(R_SN,AC14)>=(INT(E$7)*1440+390)),"proMX · "&INDEX(R_Label,AC14)&" · "&INDEX(R_St,AC14),"")))) | F14: =IF(AI14=0,"",IF(AI14=8,"⚠ Malcolm + proMX",IF(AI14=1,IF(AE14>1,"Malcolm ("&AE14&" tareas)",IF(OR(FALSE,INDEX(R_SN,AF14)>=(INT(F$7)*1440+390)),"Malcolm · "&INDEX(R_Label,AF14)&" ("&TEXT(INDEX(R_Ini,AF14),"hh:mm")&"–"&TEXT(INDEX(R_Fin,AF14),"hh:mm")&")","")),IF(OR(FALSE,INDEX(R_SN,AH14)>=(INT(F$7)*1440+390)),"proMX · "&INDEX(R_Label,AH14)&" · "&INDEX(R_St,AH14),"")))) | G14: =IF(AN14=0,"",IF(AN14=8,"⚠ Malcolm + proMX",IF(AN14=1,IF(AJ14>1,"Malcolm ("&AJ14&" tareas)",IF(OR(FALSE,INDEX(R_SN,AK14)>=(INT(G$7)*1440+390)),"Malcolm · "&INDEX(R_Label,AK14)&" ("&TEXT(INDEX(R_Ini,AK14),"hh:mm")&"–"&TEXT(INDEX(R_Fin,AK14),"hh:mm")&")","")),IF(OR(FALSE,INDEX(R_SN,AM14)>=(INT(G$7)*1440+390)),"proMX · "&INDEX(R_Label,AM14)&" · "&INDEX(R_St,AM14),"")))) | H14: =IF(AS14=0,"",IF(AS14=8,"⚠ Malcolm + proMX",IF(AS14=1,IF(AO14>1,"Malcolm ("&AO14&" tareas)",IF(OR(FALSE,INDEX(R_SN,AP14)>=(INT(H$7)*1440+390)),"Malcolm · "&INDEX(R_Label,AP14)&" ("&TEXT(INDEX(R_Ini,AP14),"hh:mm")&"–"&TEXT(INDEX(R_Fin,AP14),"hh:mm")&")","")),IF(OR(FALSE,INDEX(R_SN,AR14)>=(INT(H$7)*1440+390)),"proMX · "&INDEX(R_Label,AR14)&" · "&INDEX(R_St,AR14),"")))) | K14: =COUNTIFS(R_Emp,"Malcolm",R_Cnt,1,R_SN,"<"&((INT(B$7)*1440+390)+30),R_EN,">"&(INT(B$7)*1440+390)) -> 0 | L14: =IF(K14>0,_xlfn.MINIFS(R_ID,R_Emp,"Malcolm",R_Cnt,1,R_SN,"<"&((INT(B$7)*1440+390)+30),R_EN,">"&(INT(B$7)*1440+390)),0) -> 0 | M14: =COUNTIFS(R_Emp,"proMX",R_Cnt,1,R_SN,"<"&((INT(B$7)*1440+390)+30),R_EN,">"&(INT(B$7)*1440+390)) -> 0 | N14: =IF(M14>0,_xlfn.MINIFS(R_ID,R_Emp,"proMX",R_Cnt,1,R_SN,"<"&((INT(B$7)*1440+390)+30),R_EN,">"&(INT(B$7)*1440+390)),0) -> 0 | O14: =IF(AND(K14>0,M14>0),8,IF(K14>0,1,IF(M14>0,INDEX(R_StCode,N14),0))) -> 0 | P14: =COUNTIFS(R_Emp,"Malcolm",R_Cnt,1,R_SN,"<"&((INT(C$7)*1440+390)+30),R_EN,">"&(INT(C$7)*1440+390)) -> 0 | Q14: =IF(P14>0,_xlfn.MINIFS(R_ID,R_Emp,"Malcolm",R_Cnt,1,R_SN,"<"&((INT(C$7)*1440+390)+30),R_EN,">"&(INT(C$7)*1440+390)),0) -> 0 | R14: =COUNTIFS(R_Emp,"proMX",R_Cnt,1,R_SN,"<"&((INT(C$7)*1440+390)+30),R_EN,">"&(INT(C$7)*1440+390)) -> 0 | S14: =IF(R14>0,_xlfn.MINIFS(R_ID,R_Emp,"proMX",R_Cnt,1,R_SN,"<"&((INT(C$7)*1440+390)+30),R_EN,">"&(INT(C$7)*1440+390)),0) -> 0 | T14: =IF(AND(P14>0,R14>0),8,IF(P14>0,1,IF(R14>0,INDEX(R_StCode,S14),0))) -> 0 | U14: =COUNTIFS(R_Emp,"Malcolm",R_Cnt,1,R_SN,"<"&((INT(D$7)*1440+390)+30),R_EN,">"&(INT(D$7)*1440+390)) -> 0 | V14: =IF(U14>0,_xlfn.MINIFS(R_ID,R_Emp,"Malcolm",R_Cnt,1,R_SN,"<"&((INT(D$7)*1440+390)+30),R_EN,">"&(INT(D$7)*1440+390)),0) -> 0 | W14: =COUNTIFS(R_Emp,"proMX",R_Cnt,1,R_SN,"<"&((INT(D$7)*1440+390)+30),R_EN,">"&(INT(D$7)*1440+390)) -> 0 | X14: =IF(W14>0,_xlfn.MINIFS(R_ID,R_Emp,"proMX",R_Cnt,1,R_SN,"<"&((INT(D$7)*1440+390)+30),R_EN,">"&(INT(D$7)*1440+390)),0) -> 0 | Y14: =IF(AND(U14>0,W14>0),8,IF(U14>0,1,IF(W14>0,INDEX(R_StCode,X14),0))) -> 0 | Z14: =COUNTIFS(R_Emp,"Malcolm",R_Cnt,1,R_SN,"<"&((INT(E$7)*1440+390)+30),R_EN,">"&(INT(E$7)*1440+390)) -> 0 | AA14: =IF(Z14>0,_xlfn.MINIFS(R_ID,R_Emp,"Malcolm",R_Cnt,1,R_SN,"<"&((INT(E$7)*1440+390)+30),R_EN,">"&(INT(E$7)*1440+390)),0) -> 0 | AB14: =COUNTIFS(R_Emp,"proMX",R_Cnt,1,R_SN,"<"&((INT(E$7)*1440+390)+30),R_EN,">"&(INT(E$7)*1440+390)) -> 0 | AC14: =IF(AB14>0,_xlfn.MINIFS(R_ID,R_Emp,"proMX",R_Cnt,1,R_SN,"<"&((INT(E$7)*1440+390)+30),R_EN,">"&(INT(E$7)*1440+390)),0) -> 0 | AD14: =IF(AND(Z14>0,AB14>0),8,IF(Z14>0,1,IF(AB14>0,INDEX(R_StCode,AC14),0))) -> 0 | AE14: =COUNTIFS(R_Emp,"Malcolm",R_Cnt,1,R_SN,"<"&((INT(F$7)*1440+390)+30),R_EN,">"&(INT(F$7)*1440+390)) -> 0 | AF14: =IF(AE14>0,_xlfn.MINIFS(R_ID,R_Emp,"Malcolm",R_Cnt,1,R_SN,"<"&((INT(F$7)*1440+390)+30),R_EN,">"&(INT(F$7)*1440+390)),0) -> 0 | AG14: =COUNTIFS(R_Emp,"proMX",R_Cnt,1,R_SN,"<"&((INT(F$7)*1440+390)+30),R_EN,">"&(INT(F$7)*1440+390)) -> 0 | AH14: =IF(AG14>0,_xlfn.MINIFS(R_ID,R_Emp,"proMX",R_Cnt,1,R_SN,"<"&((INT(F$7)*1440+390)+30),R_EN,">"&(INT(F$7)*1440+390)),0) -> 0 | AI14: =IF(AND(AE14>0,AG14>0),8,IF(AE14>0,1,IF(AG14>0,INDEX(R_StCode,AH14),0))) -> 0 | AJ14: =COUNTIFS(R_Emp,"Malcolm",R_Cnt,1,R_SN,"<"&((INT(G$7)*1440+390)+30),R_EN,">"&(INT(G$7)*1440+390)) -> 0 | AK14: =IF(AJ14>0,_xlfn.MINIFS(R_ID,R_Emp,"Malcolm",R_Cnt,1,R_SN,"<"&((INT(G$7)*1440+390)+30),R_EN,">"&(INT(G$7)*1440+390)),0) -> 0 | AL14: =COUNTIFS(R_Emp,"proMX",R_Cnt,1,R_SN,"<"&((INT(G$7)*1440+390)+30),R_EN,">"&(INT(G$7)*1440+390)) -> 0 | AM14: =IF(AL14>0,_xlfn.MINIFS(R_ID,R_Emp,"proMX",R_Cnt,1,R_SN,"<"&((INT(G$7)*1440+390)+30),R_EN,">"&(INT(G$7)*1440+390)),0) -> 0 | AN14: =IF(AND(AJ14>0,AL14>0),8,IF(AJ14>0,1,IF(AL14>0,INDEX(R_StCode,AM14),0))) -> 0 | AO14: =COUNTIFS(R_Emp,"Malcolm",R_Cnt,1,R_SN,"<"&((INT(H$7)*1440+390)+30),R_EN,">"&(INT(H$7)*1440+390)) -> 0 | AP14: =IF(AO14>0,_xlfn.MINIFS(R_ID,R_Emp,"Malcolm",R_Cnt,1,R_SN,"<"&((INT(H$7)*1440+390)+30),R_EN,">"&(INT(H$7)*1440+390)),0) -> 0 | AQ14: =COUNTIFS(R_Emp,"proMX",R_Cnt,1,R_SN,"<"&((INT(H$7)*1440+390)+30),R_EN,">"&(INT(H$7)*1440+390)) -> 0 | AR14: =IF(AQ14>0,_xlfn.MINIFS(R_ID,R_Emp,"proMX",R_Cnt,1,R_SN,"<"&((INT(H$7)*1440+390)+30),R_EN,">"&(INT(H$7)*1440+390)),0) -> 0 | AS14: =IF(AND(AO14>0,AQ14>0),8,IF(AO14>0,1,IF(AQ14>0,INDEX(R_StCode,AR14),0))) -> 0
A15: 0.29166667 | B15: =IF(O15=0,"",IF(O15=8,"⚠ Malcolm + proMX",IF(O15=1,IF(K15>1,"Malcolm ("&K15&" tareas)",IF(OR(FALSE,INDEX(R_SN,L15)>=(INT(B$7)*1440+420)),"Malcolm · "&INDEX(R_Label,L15)&" ("&TEXT(INDEX(R_Ini,L15),"hh:mm")&"–"&TEXT(INDEX(R_Fin,L15),"hh:mm")&")","")),IF(OR(FALSE,INDEX(R_SN,N15)>=(INT(B$7)*1440+420)),"proMX · "&INDEX(R_Label,N15)&" · "&INDEX(R_St,N15),"")))) | C15: =IF(T15=0,"",IF(T15=8,"⚠ Malcolm + proMX",IF(T15=1,IF(P15>1,"Malcolm ("&P15&" tareas)",IF(OR(FALSE,INDEX(R_SN,Q15)>=(INT(C$7)*1440+420)),"Malcolm · "&INDEX(R_Label,Q15)&" ("&TEXT(INDEX(R_Ini,Q15),"hh:mm")&"–"&TEXT(INDEX(R_Fin,Q15),"hh:mm")&")","")),IF(OR(FALSE,INDEX(R_SN,S15)>=(INT(C$7)*1440+420)),"proMX · "&INDEX(R_Label,S15)&" · "&INDEX(R_St,S15),"")))) | D15: =IF(Y15=0,"",IF(Y15=8,"⚠ Malcolm + proMX",IF(Y15=1,IF(U15>1,"Malcolm ("&U15&" tareas)",IF(OR(FALSE,INDEX(R_SN,V15)>=(INT(D$7)*1440+420)),"Malcolm · "&INDEX(R_Label,V15)&" ("&TEXT(INDEX(R_Ini,V15),"hh:mm")&"–"&TEXT(INDEX(R_Fin,V15),"hh:mm")&")","")),IF(OR(FALSE,INDEX(R_SN,X15)>=(INT(D$7)*1440+420)),"proMX · "&INDEX(R_Label,X15)&" · "&INDEX(R_St,X15),"")))) | E15: =IF(AD15=0,"",IF(AD15=8,"⚠ Malcolm + proMX",IF(AD15=1,IF(Z15>1,"Malcolm ("&Z15&" tareas)",IF(OR(FALSE,INDEX(R_SN,AA15)>=(INT(E$7)*1440+420)),"Malcolm · "&INDEX(R_Label,AA15)&" ("&TEXT(INDEX(R_Ini,AA15),"hh:mm")&"–"&TEXT(INDEX(R_Fin,AA15),"hh:mm")&")","")),IF(OR(FALSE,INDEX(R_SN,AC15)>=(INT(E$7)*1440+420)),"proMX · "&INDEX(R_Label,AC15)&" · "&INDEX(R_St,AC15),"")))) | F15: =IF(AI15=0,"",IF(AI15=8,"⚠ Malcolm + proMX",IF(AI15=1,IF(AE15>1,"Malcolm ("&AE15&" tareas)",IF(OR(FALSE,INDEX(R_SN,AF15)>=(INT(F$7)*1440+420)),"Malcolm · "&INDEX(R_Label,AF15)&" ("&TEXT(INDEX(R_Ini,AF15),"hh:mm")&"–"&TEXT(INDEX(R_Fin,AF15),"hh:mm")&")","")),IF(OR(FALSE,INDEX(R_SN,AH15)>=(INT(F$7)*1440+420)),"proMX · "&INDEX(R_Label,AH15)&" · "&INDEX(R_St,AH15),"")))) | G15: =IF(AN15=0,"",IF(AN15=8,"⚠ Malcolm + proMX",IF(AN15=1,IF(AJ15>1,"Malcolm ("&AJ15&" tareas)",IF(OR(FALSE,INDEX(R_SN,AK15)>=(INT(G$7)*1440+420)),"Malcolm · "&INDEX(R_Label,AK15)&" ("&TEXT(INDEX(R_Ini,AK15),"hh:mm")&"–"&TEXT(INDEX(R_Fin,AK15),"hh:mm")&")","")),IF(OR(FALSE,INDEX(R_SN,AM15)>=(INT(G$7)*1440+420)),"proMX · "&INDEX(R_Label,AM15)&" · "&INDEX(R_St,AM15),"")))) | H15: =IF(AS15=0,"",IF(AS15=8,"⚠ Malcolm + proMX",IF(AS15=1,IF(AO15>1,"Malcolm ("&AO15&" tareas)",IF(OR(FALSE,INDEX(R_SN,AP15)>=(INT(H$7)*1440+420)),"Malcolm · "&INDEX(R_Label,AP15)&" ("&TEXT(INDEX(R_Ini,AP15),"hh:mm")&"–"&TEXT(INDEX(R_Fin,AP15),"hh:mm")&")","")),IF(OR(FALSE,INDEX(R_SN,AR15)>=(INT(H$7)*1440+420)),"proMX · "&INDEX(R_Label,AR15)&" · "&INDEX(R_St,AR15),"")))) | K15: =COUNTIFS(R_Emp,"Malcolm",R_Cnt,1,R_SN,"<"&((INT(B$7)*1440+420)+30),R_EN,">"&(INT(B$7)*1440+420)) -> 0 | L15: =IF(K15>0,_xlfn.MINIFS(R_ID,R_Emp,"Malcolm",R_Cnt,1,R_SN,"<"&((INT(B$7)*1440+420)+30),R_EN,">"&(INT(B$7)*1440+420)),0) -> 0 | M15: =COUNTIFS(R_Emp,"proMX",R_Cnt,1,R_SN,"<"&((INT(B$7)*1440+420)+30),R_EN,">"&(INT(B$7)*1440+420)) -> 0 | N15: =IF(M15>0,_xlfn.MINIFS(R_ID,R_Emp,"proMX",R_Cnt,1,R_SN,"<"&((INT(B$7)*1440+420)+30),R_EN,">"&(INT(B$7)*1440+420)),0) -> 0 | O15: =IF(AND(K15>0,M15>0),8,IF(K15>0,1,IF(M15>0,INDEX(R_StCode,N15),0))) -> 0 | P15: =COUNTIFS(R_Emp,"Malcolm",R_Cnt,1,R_SN,"<"&((INT(C$7)*1440+420)+30),R_EN,">"&(INT(C$7)*1440+420)) -> 0 | Q15: =IF(P15>0,_xlfn.MINIFS(R_ID,R_Emp,"Malcolm",R_Cnt,1,R_SN,"<"&((INT(C$7)*1440+420)+30),R_EN,">"&(INT(C$7)*1440+420)),0) -> 0 | R15: =COUNTIFS(R_Emp,"proMX",R_Cnt,1,R_SN,"<"&((INT(C$7)*1440+420)+30),R_EN,">"&(INT(C$7)*1440+420)) -> 0 | S15: =IF(R15>0,_xlfn.MINIFS(R_ID,R_Emp,"proMX",R_Cnt,1,R_SN,"<"&((INT(C$7)*1440+420)+30),R_EN,">"&(INT(C$7)*1440+420)),0) -> 0 | T15: =IF(AND(P15>0,R15>0),8,IF(P15>0,1,IF(R15>0,INDEX(R_StCode,S15),0))) -> 0 | U15: =COUNTIFS(R_Emp,"Malcolm",R_Cnt,1,R_SN,"<"&((INT(D$7)*1440+420)+30),R_EN,">"&(INT(D$7)*1440+420)) -> 0 | V15: =IF(U15>0,_xlfn.MINIFS(R_ID,R_Emp,"Malcolm",R_Cnt,1,R_SN,"<"&((INT(D$7)*1440+420)+30),R_EN,">"&(INT(D$7)*1440+420)),0) -> 0 | W15: =COUNTIFS(R_Emp,"proMX",R_Cnt,1,R_SN,"<"&((INT(D$7)*1440+420)+30),R_EN,">"&(INT(D$7)*1440+420)) -> 0 | X15: =IF(W15>0,_xlfn.MINIFS(R_ID,R_Emp,"proMX",R_Cnt,1,R_SN,"<"&((INT(D$7)*1440+420)+30),R_EN,">"&(INT(D$7)*1440+420)),0) -> 0 | Y15: =IF(AND(U15>0,W15>0),8,IF(U15>0,1,IF(W15>0,INDEX(R_StCode,X15),0))) -> 0 | Z15: =COUNTIFS(R_Emp,"Malcolm",R_Cnt,1,R_SN,"<"&((INT(E$7)*1440+420)+30),R_EN,">"&(INT(E$7)*1440+420)) -> 0 | AA15: =IF(Z15>0,_xlfn.MINIFS(R_ID,R_Emp,"Malcolm",R_Cnt,1,R_SN,"<"&((INT(E$7)*1440+420)+30),R_EN,">"&(INT(E$7)*1440+420)),0) -> 0 | AB15: =COUNTIFS(R_Emp,"proMX",R_Cnt,1,R_SN,"<"&((INT(E$7)*1440+420)+30),R_EN,">"&(INT(E$7)*1440+420)) -> 0 | AC15: =IF(AB15>0,_xlfn.MINIFS(R_ID,R_Emp,"proMX",R_Cnt,1,R_SN,"<"&((INT(E$7)*1440+420)+30),R_EN,">"&(INT(E$7)*1440+420)),0) -> 0 | AD15: =IF(AND(Z15>0,AB15>0),8,IF(Z15>0,1,IF(AB15>0,INDEX(R_StCode,AC15),0))) -> 0 | AE15: =COUNTIFS(R_Emp,"Malcolm",R_Cnt,1,R_SN,"<"&((INT(F$7)*1440+420)+30),R_EN,">"&(INT(F$7)*1440+420)) -> 0 | AF15: =IF(AE15>0,_xlfn.MINIFS(R_ID,R_Emp,"Malcolm",R_Cnt,1,R_SN,"<"&((INT(F$7)*1440+420)+30),R_EN,">"&(INT(F$7)*1440+420)),0) -> 0 | AG15: =COUNTIFS(R_Emp,"proMX",R_Cnt,1,R_SN,"<"&((INT(F$7)*1440+420)+30),R_EN,">"&(INT(F$7)*1440+420)) -> 0 | AH15: =IF(AG15>0,_xlfn.MINIFS(R_ID,R_Emp,"proMX",R_Cnt,1,R_SN,"<"&((INT(F$7)*1440+420)+30),R_EN,">"&(INT(F$7)*1440+420)),0) -> 0 | AI15: =IF(AND(AE15>0,AG15>0),8,IF(AE15>0,1,IF(AG15>0,INDEX(R_StCode,AH15),0))) -> 0 | AJ15: =COUNTIFS(R_Emp,"Malcolm",R_Cnt,1,R_SN,"<"&((INT(G$7)*1440+420)+30),R_EN,">"&(INT(G$7)*1440+420)) -> 0 | AK15: =IF(AJ15>0,_xlfn.MINIFS(R_ID,R_Emp,"Malcolm",R_Cnt,1,R_SN,"<"&((INT(G$7)*1440+420)+30),R_EN,">"&(INT(G$7)*1440+420)),0) -> 0 | AL15: =COUNTIFS(R_Emp,"proMX",R_Cnt,1,R_SN,"<"&((INT(G$7)*1440+420)+30),R_EN,">"&(INT(G$7)*1440+420)) -> 0 | AM15: =IF(AL15>0,_xlfn.MINIFS(R_ID,R_Emp,"proMX",R_Cnt,1,R_SN,"<"&((INT(G$7)*1440+420)+30),R_EN,">"&(INT(G$7)*1440+420)),0) -> 0 | AN15: =IF(AND(AJ15>0,AL15>0),8,IF(AJ15>0,1,IF(AL15>0,INDEX(R_StCode,AM15),0))) -> 0 | AO15: =COUNTIFS(R_Emp,"Malcolm",R_Cnt,1,R_SN,"<"&((INT(H$7)*1440+420)+30),R_EN,">"&(INT(H$7)*1440+420)) -> 0 | AP15: =IF(AO15>0,_xlfn.MINIFS(R_ID,R_Emp,"Malcolm",R_Cnt,1,R_SN,"<"&((INT(H$7)*1440+420)+30),R_EN,">"&(INT(H$7)*1440+420)),0) -> 0 | AQ15: =COUNTIFS(R_Emp,"proMX",R_Cnt,1,R_SN,"<"&((INT(H$7)*1440+420)+30),R_EN,">"&(INT(H$7)*1440+420)) -> 0 | AR15: =IF(AQ15>0,_xlfn.MINIFS(R_ID,R_Emp,"proMX",R_Cnt,1,R_SN,"<"&((INT(H$7)*1440+420)+30),R_EN,">"&(INT(H$7)*1440+420)),0) -> 0 | AS15: =IF(AND(AO15>0,AQ15>0),8,IF(AO15>0,1,IF(AQ15>0,INDEX(R_StCode,AR15),0))) -> 0
A16: 0.3125 | B16: =IF(O16=0,"",IF(O16=8,"⚠ Malcolm + proMX",IF(O16=1,IF(K16>1,"Malcolm ("&K16&" tareas)",IF(OR(FALSE,INDEX(R_SN,L16)>=(INT(B$7)*1440+450)),"Malcolm · "&INDEX(R_Label,L16)&" ("&TEXT(INDEX(R_Ini,L16),"hh:mm")&"–"&TEXT(INDEX(R_Fin,L16),"hh:mm")&")","")),IF(OR(FALSE,INDEX(R_SN,N16)>=(INT(B$7)*1440+450)),"proMX · "&INDEX(R_Label,N16)&" · "&INDEX(R_St,N16),"")))) | C16: =IF(T16=0,"",IF(T16=8,"⚠ Malcolm + proMX",IF(T16=1,IF(P16>1,"Malcolm ("&P16&" tareas)",IF(OR(FALSE,INDEX(R_SN,Q16)>=(INT(C$7)*1440+450)),"Malcolm · "&INDEX(R_Label,Q16)&" ("&TEXT(INDEX(R_Ini,Q16),"hh:mm")&"–"&TEXT(INDEX(R_Fin,Q16),"hh:mm")&")","")),IF(OR(FALSE,INDEX(R_SN,S16)>=(INT(C$7)*1440+450)),"proMX · "&INDEX(R_Label,S16)&" · "&INDEX(R_St,S16),"")))) | D16: =IF(Y16=0,"",IF(Y16=8,"⚠ Malcolm + proMX",IF(Y16=1,IF(U16>1,"Malcolm ("&U16&" tareas)",IF(OR(FALSE,INDEX(R_SN,V16)>=(INT(D$7)*1440+450)),"Malcolm · "&INDEX(R_Label,V16)&" ("&TEXT(INDEX(R_Ini,V16),"hh:mm")&"–"&TEXT(INDEX(R_Fin,V16),"hh:mm")&")","")),IF(OR(FALSE,INDEX(R_SN,X16)>=(INT(D$7)*1440+450)),"proMX · "&INDEX(R_Label,X16)&" · "&INDEX(R_St,X16),"")))) | E16: =IF(AD16=0,"",IF(AD16=8,"⚠ Malcolm + proMX",IF(AD16=1,IF(Z16>1,"Malcolm ("&Z16&" tareas)",IF(OR(FALSE,INDEX(R_SN,AA16)>=(INT(E$7)*1440+450)),"Malcolm · "&INDEX(R_Label,AA16)&" ("&TEXT(INDEX(R_Ini,AA16),"hh:mm")&"–"&TEXT(INDEX(R_Fin,AA16),"hh:mm")&")","")),IF(OR(FALSE,INDEX(R_SN,AC16)>=(INT(E$7)*1440+450)),"proMX · "&INDEX(R_Label,AC16)&" · "&INDEX(R_St,AC16),"")))) | F16: =IF(AI16=0,"",IF(AI16=8,"⚠ Malcolm + proMX",IF(AI16=1,IF(AE16>1,"Malcolm ("&AE16&" tareas)",IF(OR(FALSE,INDEX(R_SN,AF16)>=(INT(F$7)*1440+450)),"Malcolm · "&INDEX(R_Label,AF16)&" ("&TEXT(INDEX(R_Ini,AF16),"hh:mm")&"–"&TEXT(INDEX(R_Fin,AF16),"hh:mm")&")","")),IF(OR(FALSE,INDEX(R_SN,AH16)>=(INT(F$7)*1440+450)),"proMX · "&INDEX(R_Label,AH16)&" · "&INDEX(R_St,AH16),"")))) | G16: =IF(AN16=0,"",IF(AN16=8,"⚠ Malcolm + proMX",IF(AN16=1,IF(AJ16>1,"Malcolm ("&AJ16&" tareas)",IF(OR(FALSE,INDEX(R_SN,AK16)>=(INT(G$7)*1440+450)),"Malcolm · "&INDEX(R_Label,AK16)&" ("&TEXT(INDEX(R_Ini,AK16),"hh:mm")&"–"&TEXT(INDEX(R_Fin,AK16),"hh:mm")&")","")),IF(OR(FALSE,INDEX(R_SN,AM16)>=(INT(G$7)*1440+450)),"proMX · "&INDEX(R_Label,AM16)&" · "&INDEX(R_St,AM16),"")))) | H16: =IF(AS16=0,"",IF(AS16=8,"⚠ Malcolm + proMX",IF(AS16=1,IF(AO16>1,"Malcolm ("&AO16&" tareas)",IF(OR(FALSE,INDEX(R_SN,AP16)>=(INT(H$7)*1440+450)),"Malcolm · "&INDEX(R_Label,AP16)&" ("&TEXT(INDEX(R_Ini,AP16),"hh:mm")&"–"&TEXT(INDEX(R_Fin,AP16),"hh:mm")&")","")),IF(OR(FALSE,INDEX(R_SN,AR16)>=(INT(H$7)*1440+450)),"proMX · "&INDEX(R_Label,AR16)&" · "&INDEX(R_St,AR16),"")))) | K16: =COUNTIFS(R_Emp,"Malcolm",R_Cnt,1,R_SN,"<"&((INT(B$7)*1440+450)+30),R_EN,">"&(INT(B$7)*1440+450)) -> 0 | L16: =IF(K16>0,_xlfn.MINIFS(R_ID,R_Emp,"Malcolm",R_Cnt,1,R_SN,"<"&((INT(B$7)*1440+450)+30),R_EN,">"&(INT(B$7)*1440+450)),0) -> 0 | M16: =COUNTIFS(R_Emp,"proMX",R_Cnt,1,R_SN,"<"&((INT(B$7)*1440+450)+30),R_EN,">"&(INT(B$7)*1440+450)) -> 0 | N16: =IF(M16>0,_xlfn.MINIFS(R_ID,R_Emp,"proMX",R_Cnt,1,R_SN,"<"&((INT(B$7)*1440+450)+30),R_EN,">"&(INT(B$7)*1440+450)),0) -> 0 | O16: =IF(AND(K16>0,M16>0),8,IF(K16>0,1,IF(M16>0,INDEX(R_StCode,N16),0))) -> 0 | P16: =COUNTIFS(R_Emp,"Malcolm",R_Cnt,1,R_SN,"<"&((INT(C$7)*1440+450)+30),R_EN,">"&(INT(C$7)*1440+450)) -> 0 | Q16: =IF(P16>0,_xlfn.MINIFS(R_ID,R_Emp,"Malcolm",R_Cnt,1,R_SN,"<"&((INT(C$7)*1440+450)+30),R_EN,">"&(INT(C$7)*1440+450)),0) -> 0 | R16: =COUNTIFS(R_Emp,"proMX",R_Cnt,1,R_SN,"<"&((INT(C$7)*1440+450)+30),R_EN,">"&(INT(C$7)*1440+450)) -> 0 | S16: =IF(R16>0,_xlfn.MINIFS(R_ID,R_Emp,"proMX",R_Cnt,1,R_SN,"<"&((INT(C$7)*1440+450)+30),R_EN,">"&(INT(C$7)*1440+450)),0) -> 0 | T16: =IF(AND(P16>0,R16>0),8,IF(P16>0,1,IF(R16>0,INDEX(R_StCode,S16),0))) -> 0 | U16: =COUNTIFS(R_Emp,"Malcolm",R_Cnt,1,R_SN,"<"&((INT(D$7)*1440+450)+30),R_EN,">"&(INT(D$7)*1440+450)) -> 0 | V16: =IF(U16>0,_xlfn.MINIFS(R_ID,R_Emp,"Malcolm",R_Cnt,1,R_SN,"<"&((INT(D$7)*1440+450)+30),R_EN,">"&(INT(D$7)*1440+450)),0) -> 0 | W16: =COUNTIFS(R_Emp,"proMX",R_Cnt,1,R_SN,"<"&((INT(D$7)*1440+450)+30),R_EN,">"&(INT(D$7)*1440+450)) -> 0 | X16: =IF(W16>0,_xlfn.MINIFS(R_ID,R_Emp,"proMX",R_Cnt,1,R_SN,"<"&((INT(D$7)*1440+450)+30),R_EN,">"&(INT(D$7)*1440+450)),0) -> 0 | Y16: =IF(AND(U16>0,W16>0),8,IF(U16>0,1,IF(W16>0,INDEX(R_StCode,X16),0))) -> 0 | Z16: =COUNTIFS(R_Emp,"Malcolm",R_Cnt,1,R_SN,"<"&((INT(E$7)*1440+450)+30),R_EN,">"&(INT(E$7)*1440+450)) -> 0 | AA16: =IF(Z16>0,_xlfn.MINIFS(R_ID,R_Emp,"Malcolm",R_Cnt,1,R_SN,"<"&((INT(E$7)*1440+450)+30),R_EN,">"&(INT(E$7)*1440+450)),0) -> 0 | AB16: =COUNTIFS(R_Emp,"proMX",R_Cnt,1,R_SN,"<"&((INT(E$7)*1440+450)+30),R_EN,">"&(INT(E$7)*1440+450)) -> 0 | AC16: =IF(AB16>0,_xlfn.MINIFS(R_ID,R_Emp,"proMX",R_Cnt,1,R_SN,"<"&((INT(E$7)*1440+450)+30),R_EN,">"&(INT(E$7)*1440+450)),0) -> 0 | AD16: =IF(AND(Z16>0,AB16>0),8,IF(Z16>0,1,IF(AB16>0,INDEX(R_StCode,AC16),0))) -> 0 | AE16: =COUNTIFS(R_Emp,"Malcolm",R_Cnt,1,R_SN,"<"&((INT(F$7)*1440+450)+30),R_EN,">"&(INT(F$7)*1440+450)) -> 0 | AF16: =IF(AE16>0,_xlfn.MINIFS(R_ID,R_Emp,"Malcolm",R_Cnt,1,R_SN,"<"&((INT(F$7)*1440+450)+30),R_EN,">"&(INT(F$7)*1440+450)),0) -> 0 | AG16: =COUNTIFS(R_Emp,"proMX",R_Cnt,1,R_SN,"<"&((INT(F$7)*1440+450)+30),R_EN,">"&(INT(F$7)*1440+450)) -> 0 | AH16: =IF(AG16>0,_xlfn.MINIFS(R_ID,R_Emp,"proMX",R_Cnt,1,R_SN,"<"&((INT(F$7)*1440+450)+30),R_EN,">"&(INT(F$7)*1440+450)),0) -> 0 | AI16: =IF(AND(AE16>0,AG16>0),8,IF(AE16>0,1,IF(AG16>0,INDEX(R_StCode,AH16),0))) -> 0 | AJ16: =COUNTIFS(R_Emp,"Malcolm",R_Cnt,1,R_SN,"<"&((INT(G$7)*1440+450)+30),R_EN,">"&(INT(G$7)*1440+450)) -> 0 | AK16: =IF(AJ16>0,_xlfn.MINIFS(R_ID,R_Emp,"Malcolm",R_Cnt,1,R_SN,"<"&((INT(G$7)*1440+450)+30),R_EN,">"&(INT(G$7)*1440+450)),0) -> 0 | AL16: =COUNTIFS(R_Emp,"proMX",R_Cnt,1,R_SN,"<"&((INT(G$7)*1440+450)+30),R_EN,">"&(INT(G$7)*1440+450)) -> 0 | AM16: =IF(AL16>0,_xlfn.MINIFS(R_ID,R_Emp,"proMX",R_Cnt,1,R_SN,"<"&((INT(G$7)*1440+450)+30),R_EN,">"&(INT(G$7)*1440+450)),0) -> 0 | AN16: =IF(AND(AJ16>0,AL16>0),8,IF(AJ16>0,1,IF(AL16>0,INDEX(R_StCode,AM16),0))) -> 0 | AO16: =COUNTIFS(R_Emp,"Malcolm",R_Cnt,1,R_SN,"<"&((INT(H$7)*1440+450)+30),R_EN,">"&(INT(H$7)*1440+450)) -> 0 | AP16: =IF(AO16>0,_xlfn.MINIFS(R_ID,R_Emp,"Malcolm",R_Cnt,1,R_SN,"<"&((INT(H$7)*1440+450)+30),R_EN,">"&(INT(H$7)*1440+450)),0) -> 0 | AQ16: =COUNTIFS(R_Emp,"proMX",R_Cnt,1,R_SN,"<"&((INT(H$7)*1440+450)+30),R_EN,">"&(INT(H$7)*1440+450)) -> 0 | AR16: =IF(AQ16>0,_xlfn.MINIFS(R_ID,R_Emp,"proMX",R_Cnt,1,R_SN,"<"&((INT(H$7)*1440+450)+30),R_EN,">"&(INT(H$7)*1440+450)),0) -> 0 | AS16: =IF(AND(AO16>0,AQ16>0),8,IF(AO16>0,1,IF(AQ16>0,INDEX(R_StCode,AR16),0))) -> 0
A17: 0.33333333 | B17: =IF(O17=0,"",IF(O17=8,"⚠ Malcolm + proMX",IF(O17=1,IF(K17>1,"Malcolm ("&K17&" tareas)",IF(OR(FALSE,INDEX(R_SN,L17)>=(INT(B$7)*1440+480)),"Malcolm · "&INDEX(R_Label,L17)&" ("&TEXT(INDEX(R_Ini,L17),"hh:mm")&"–"&TEXT(INDEX(R_Fin,L17),"hh:mm")&")","")),IF(OR(FALSE,INDEX(R_SN,N17)>=(INT(B$7)*1440+480)),"proMX · "&INDEX(R_Label,N17)&" · "&INDEX(R_St,N17),"")))) | C17: =IF(T17=0,"",IF(T17=8,"⚠ Malcolm + proMX",IF(T17=1,IF(P17>1,"Malcolm ("&P17&" tareas)",IF(OR(FALSE,INDEX(R_SN,Q17)>=(INT(C$7)*1440+480)),"Malcolm · "&INDEX(R_Label,Q17)&" ("&TEXT(INDEX(R_Ini,Q17),"hh:mm")&"–"&TEXT(INDEX(R_Fin,Q17),"hh:mm")&")","")),IF(OR(FALSE,INDEX(R_SN,S17)>=(INT(C$7)*1440+480)),"proMX · "&INDEX(R_Label,S17)&" · "&INDEX(R_St,S17),"")))) | D17: =IF(Y17=0,"",IF(Y17=8,"⚠ Malcolm + proMX",IF(Y17=1,IF(U17>1,"Malcolm ("&U17&" tareas)",IF(OR(FALSE,INDEX(R_SN,V17)>=(INT(D$7)*1440+480)),"Malcolm · "&INDEX(R_Label,V17)&" ("&TEXT(INDEX(R_Ini,V17),"hh:mm")&"–"&TEXT(INDEX(R_Fin,V17),"hh:mm")&")","")),IF(OR(FALSE,INDEX(R_SN,X17)>=(INT(D$7)*1440+480)),"proMX · "&INDEX(R_Label,X17)&" · "&INDEX(R_St,X17),"")))) | E17: =IF(AD17=0,"",IF(AD17=8,"⚠ Malcolm + proMX",IF(AD17=1,IF(Z17>1,"Malcolm ("&Z17&" tareas)",IF(OR(FALSE,INDEX(R_SN,AA17)>=(INT(E$7)*1440+480)),"Malcolm · "&INDEX(R_Label,AA17)&" ("&TEXT(INDEX(R_Ini,AA17),"hh:mm")&"–"&TEXT(INDEX(R_Fin,AA17),"hh:mm")&")","")),IF(OR(FALSE,INDEX(R_SN,AC17)>=(INT(E$7)*1440+480)),"proMX · "&INDEX(R_Label,AC17)&" · "&INDEX(R_St,AC17),"")))) | F17: =IF(AI17=0,"",IF(AI17=8,"⚠ Malcolm + proMX",IF(AI17=1,IF(AE17>1,"Malcolm ("&AE17&" tareas)",IF(OR(FALSE,INDEX(R_SN,AF17)>=(INT(F$7)*1440+480)),"Malcolm · "&INDEX(R_Label,AF17)&" ("&TEXT(INDEX(R_Ini,AF17),"hh:mm")&"–"&TEXT(INDEX(R_Fin,AF17),"hh:mm")&")","")),IF(OR(FALSE,INDEX(R_SN,AH17)>=(INT(F$7)*1440+480)),"proMX · "&INDEX(R_Label,AH17)&" · "&INDEX(R_St,AH17),"")))) | G17: =IF(AN17=0,"",IF(AN17=8,"⚠ Malcolm + proMX",IF(AN17=1,IF(AJ17>1,"Malcolm ("&AJ17&" tareas)",IF(OR(FALSE,INDEX(R_SN,AK17)>=(INT(G$7)*1440+480)),"Malcolm · "&INDEX(R_Label,AK17)&" ("&TEXT(INDEX(R_Ini,AK17),"hh:mm")&"–"&TEXT(INDEX(R_Fin,AK17),"hh:mm")&")","")),IF(OR(FALSE,INDEX(R_SN,AM17)>=(INT(G$7)*1440+480)),"proMX · "&INDEX(R_Label,AM17)&" · "&INDEX(R_St,AM17),"")))) | H17: =IF(AS17=0,"",IF(AS17=8,"⚠ Malcolm + proMX",IF(AS17=1,IF(AO17>1,"Malcolm ("&AO17&" tareas)",IF(OR(FALSE,INDEX(R_SN,AP17)>=(INT(H$7)*1440+480)),"Malcolm · "&INDEX(R_Label,AP17)&" ("&TEXT(INDEX(R_Ini,AP17),"hh:mm")&"–"&TEXT(INDEX(R_Fin,AP17),"hh:mm")&")","")),IF(OR(FALSE,INDEX(R_SN,AR17)>=(INT(H$7)*1440+480)),"proMX · "&INDEX(R_Label,AR17)&" · "&INDEX(R_St,AR17),"")))) | K17: =COUNTIFS(R_Emp,"Malcolm",R_Cnt,1,R_SN,"<"&((INT(B$7)*1440+480)+30),R_EN,">"&(INT(B$7)*1440+480)) -> 0 | L17: =IF(K17>0,_xlfn.MINIFS(R_ID,R_Emp,"Malcolm",R_Cnt,1,R_SN,"<"&((INT(B$7)*1440+480)+30),R_EN,">"&(INT(B$7)*1440+480)),0) -> 0 | M17: =COUNTIFS(R_Emp,"proMX",R_Cnt,1,R_SN,"<"&((INT(B$7)*1440+480)+30),R_EN,">"&(INT(B$7)*1440+480)) -> 0 | N17: =IF(M17>0,_xlfn.MINIFS(R_ID,R_Emp,"proMX",R_Cnt,1,R_SN,"<"&((INT(B$7)*1440+480)+30),R_EN,">"&(INT(B$7)*1440+480)),0) -> 0 | O17: =IF(AND(K17>0,M17>0),8,IF(K17>0,1,IF(M17>0,INDEX(R_StCode,N17),0))) -> 0 | P17: =COUNTIFS(R_Emp,"Malcolm",R_Cnt,1,R_SN,"<"&((INT(C$7)*1440+480)+30),R_EN,">"&(INT(C$7)*1440+480)) -> 0 | Q17: =IF(P17>0,_xlfn.MINIFS(R_ID,R_Emp,"Malcolm",R_Cnt,1,R_SN,"<"&((INT(C$7)*1440+480)+30),R_EN,">"&(INT(C$7)*1440+480)),0) -> 0 | R17: =COUNTIFS(R_Emp,"proMX",R_Cnt,1,R_SN,"<"&((INT(C$7)*1440+480)+30),R_EN,">"&(INT(C$7)*1440+480)) -> 0 | S17: =IF(R17>0,_xlfn.MINIFS(R_ID,R_Emp,"proMX",R_Cnt,1,R_SN,"<"&((INT(C$7)*1440+480)+30),R_EN,">"&(INT(C$7)*1440+480)),0) -> 0 | T17: =IF(AND(P17>0,R17>0),8,IF(P17>0,1,IF(R17>0,INDEX(R_StCode,S17),0))) -> 0 | U17: =COUNTIFS(R_Emp,"Malcolm",R_Cnt,1,R_SN,"<"&((INT(D$7)*1440+480)+30),R_EN,">"&(INT(D$7)*1440+480)) -> 0 | V17: =IF(U17>0,_xlfn.MINIFS(R_ID,R_Emp,"Malcolm",R_Cnt,1,R_SN,"<"&((INT(D$7)*1440+480)+30),R_EN,">"&(INT(D$7)*1440+480)),0) -> 0 | W17: =COUNTIFS(R_Emp,"proMX",R_Cnt,1,R_SN,"<"&((INT(D$7)*1440+480)+30),R_EN,">"&(INT(D$7)*1440+480)) -> 0 | X17: =IF(W17>0,_xlfn.MINIFS(R_ID,R_Emp,"proMX",R_Cnt,1,R_SN,"<"&((INT(D$7)*1440+480)+30),R_EN,">"&(INT(D$7)*1440+480)),0) -> 0 | Y17: =IF(AND(U17>0,W17>0),8,IF(U17>0,1,IF(W17>0,INDEX(R_StCode,X17),0))) -> 0 | Z17: =COUNTIFS(R_Emp,"Malcolm",R_Cnt,1,R_SN,"<"&((INT(E$7)*1440+480)+30),R_EN,">"&(INT(E$7)*1440+480)) -> 0 | AA17: =IF(Z17>0,_xlfn.MINIFS(R_ID,R_Emp,"Malcolm",R_Cnt,1,R_SN,"<"&((INT(E$7)*1440+480)+30),R_EN,">"&(INT(E$7)*1440+480)),0) -> 0 | AB17: =COUNTIFS(R_Emp,"proMX",R_Cnt,1,R_SN,"<"&((INT(E$7)*1440+480)+30),R_EN,">"&(INT(E$7)*1440+480)) -> 0 | AC17: =IF(AB17>0,_xlfn.MINIFS(R_ID,R_Emp,"proMX",R_Cnt,1,R_SN,"<"&((INT(E$7)*1440+480)+30),R_EN,">"&(INT(E$7)*1440+480)),0) -> 0 | AD17: =IF(AND(Z17>0,AB17>0),8,IF(Z17>0,1,IF(AB17>0,INDEX(R_StCode,AC17),0))) -> 0 | AE17: =COUNTIFS(R_Emp,"Malcolm",R_Cnt,1,R_SN,"<"&((INT(F$7)*1440+480)+30),R_EN,">"&(INT(F$7)*1440+480)) -> 0 | AF17: =IF(AE17>0,_xlfn.MINIFS(R_ID,R_Emp,"Malcolm",R_Cnt,1,R_SN,"<"&((INT(F$7)*1440+480)+30),R_EN,">"&(INT(F$7)*1440+480)),0) -> 0 | AG17: =COUNTIFS(R_Emp,"proMX",R_Cnt,1,R_SN,"<"&((INT(F$7)*1440+480)+30),R_EN,">"&(INT(F$7)*1440+480)) -> 0 | AH17: =IF(AG17>0,_xlfn.MINIFS(R_ID,R_Emp,"proMX",R_Cnt,1,R_SN,"<"&((INT(F$7)*1440+480)+30),R_EN,">"&(INT(F$7)*1440+480)),0) -> 0 | AI17: =IF(AND(AE17>0,AG17>0),8,IF(AE17>0,1,IF(AG17>0,INDEX(R_StCode,AH17),0))) -> 0 | AJ17: =COUNTIFS(R_Emp,"Malcolm",R_Cnt,1,R_SN,"<"&((INT(G$7)*1440+480)+30),R_EN,">"&(INT(G$7)*1440+480)) -> 0 | AK17: =IF(AJ17>0,_xlfn.MINIFS(R_ID,R_Emp,"Malcolm",R_Cnt,1,R_SN,"<"&((INT(G$7)*1440+480)+30),R_EN,">"&(INT(G$7)*1440+480)),0) -> 0 | AL17: =COUNTIFS(R_Emp,"proMX",R_Cnt,1,R_SN,"<"&((INT(G$7)*1440+480)+30),R_EN,">"&(INT(G$7)*1440+480)) -> 0 | AM17: =IF(AL17>0,_xlfn.MINIFS(R_ID,R_Emp,"proMX",R_Cnt,1,R_SN,"<"&((INT(G$7)*1440+480)+30),R_EN,">"&(INT(G$7)*1440+480)),0) -> 0 | AN17: =IF(AND(AJ17>0,AL17>0),8,IF(AJ17>0,1,IF(AL17>0,INDEX(R_StCode,AM17),0))) -> 0 | AO17: =COUNTIFS(R_Emp,"Malcolm",R_Cnt,1,R_SN,"<"&((INT(H$7)*1440+480)+30),R_EN,">"&(INT(H$7)*1440+480)) -> 0 | AP17: =IF(AO17>0,_xlfn.MINIFS(R_ID,R_Emp,"Malcolm",R_Cnt,1,R_SN,"<"&((INT(H$7)*1440+480)+30),R_EN,">"&(INT(H$7)*1440+480)),0) -> 0 | AQ17: =COUNTIFS(R_Emp,"proMX",R_Cnt,1,R_SN,"<"&((INT(H$7)*1440+480)+30),R_EN,">"&(INT(H$7)*1440+480)) -> 0 | AR17: =IF(AQ17>0,_xlfn.MINIFS(R_ID,R_Emp,"proMX",R_Cnt,1,R_SN,"<"&((INT(H$7)*1440+480)+30),R_EN,">"&(INT(H$7)*1440+480)),0) -> 0 | AS17: =IF(AND(AO17>0,AQ17>0),8,IF(AO17>0,1,IF(AQ17>0,INDEX(R_StCode,AR17),0))) -> 0
A18: 0.35416667 | B18: =IF(O18=0,"",IF(O18=8,"⚠ Malcolm + proMX",IF(O18=1,IF(K18>1,"Malcolm ("&K18&" tareas)",IF(OR(FALSE,INDEX(R_SN,L18)>=(INT(B$7)*1440+510)),"Malcolm · "&INDEX(R_Label,L18)&" ("&TEXT(INDEX(R_Ini,L18),"hh:mm")&"–"&TEXT(INDEX(R_Fin,L18),"hh:mm")&")","")),IF(OR(FALSE,INDEX(R_SN,N18)>=(INT(B$7)*1440+510)),"proMX · "&INDEX(R_Label,N18)&" · "&INDEX(R_St,N18),"")))) | C18: =IF(T18=0,"",IF(T18=8,"⚠ Malcolm + proMX",IF(T18=1,IF(P18>1,"Malcolm ("&P18&" tareas)",IF(OR(FALSE,INDEX(R_SN,Q18)>=(INT(C$7)*1440+510)),"Malcolm · "&INDEX(R_Label,Q18)&" ("&TEXT(INDEX(R_Ini,Q18),"hh:mm")&"–"&TEXT(INDEX(R_Fin,Q18),"hh:mm")&")","")),IF(OR(FALSE,INDEX(R_SN,S18)>=(INT(C$7)*1440+510)),"proMX · "&INDEX(R_Label,S18)&" · "&INDEX(R_St,S18),"")))) | D18: =IF(Y18=0,"",IF(Y18=8,"⚠ Malcolm + proMX",IF(Y18=1,IF(U18>1,"Malcolm ("&U18&" tareas)",IF(OR(FALSE,INDEX(R_SN,V18)>=(INT(D$7)*1440+510)),"Malcolm · "&INDEX(R_Label,V18)&" ("&TEXT(INDEX(R_Ini,V18),"hh:mm")&"–"&TEXT(INDEX(R_Fin,V18),"hh:mm")&")","")),IF(OR(FALSE,INDEX(R_SN,X18)>=(INT(D$7)*1440+510)),"proMX · "&INDEX(R_Label,X18)&" · "&INDEX(R_St,X18),"")))) | E18: =IF(AD18=0,"",IF(AD18=8,"⚠ Malcolm + proMX",IF(AD18=1,IF(Z18>1,"Malcolm ("&Z18&" tareas)",IF(OR(FALSE,INDEX(R_SN,AA18)>=(INT(E$7)*1440+510)),"Malcolm · "&INDEX(R_Label,AA18)&" ("&TEXT(INDEX(R_Ini,AA18),"hh:mm")&"–"&TEXT(INDEX(R_Fin,AA18),"hh:mm")&")","")),IF(OR(FALSE,INDEX(R_SN,AC18)>=(INT(E$7)*1440+510)),"proMX · "&INDEX(R_Label,AC18)&" · "&INDEX(R_St,AC18),"")))) | F18: =IF(AI18=0,"",IF(AI18=8,"⚠ Malcolm + proMX",IF(AI18=1,IF(AE18>1,"Malcolm ("&AE18&" tareas)",IF(OR(FALSE,INDEX(R_SN,AF18)>=(INT(F$7)*1440+510)),"Malcolm · "&INDEX(R_Label,AF18)&" ("&TEXT(INDEX(R_Ini,AF18),"hh:mm")&"–"&TEXT(INDEX(R_Fin,AF18),"hh:mm")&")","")),IF(OR(FALSE,INDEX(R_SN,AH18)>=(INT(F$7)*1440+510)),"proMX · "&INDEX(R_Label,AH18)&" · "&INDEX(R_St,AH18),"")))) | G18: =IF(AN18=0,"",IF(AN18=8,"⚠ Malcolm + proMX",IF(AN18=1,IF(AJ18>1,"Malcolm ("&AJ18&" tareas)",IF(OR(FALSE,INDEX(R_SN,AK18)>=(INT(G$7)*1440+510)),"Malcolm · "&INDEX(R_Label,AK18)&" ("&TEXT(INDEX(R_Ini,AK18),"hh:mm")&"–"&TEXT(INDEX(R_Fin,AK18),"hh:mm")&")","")),IF(OR(FALSE,INDEX(R_SN,AM18)>=(INT(G$7)*1440+510)),"proMX · "&INDEX(R_Label,AM18)&" · "&INDEX(R_St,AM18),"")))) | H18: =IF(AS18=0,"",IF(AS18=8,"⚠ Malcolm + proMX",IF(AS18=1,IF(AO18>1,"Malcolm ("&AO18&" tareas)",IF(OR(FALSE,INDEX(R_SN,AP18)>=(INT(H$7)*1440+510)),"Malcolm · "&INDEX(R_Label,AP18)&" ("&TEXT(INDEX(R_Ini,AP18),"hh:mm")&"–"&TEXT(INDEX(R_Fin,AP18),"hh:mm")&")","")),IF(OR(FALSE,INDEX(R_SN,AR18)>=(INT(H$7)*1440+510)),"proMX · "&INDEX(R_Label,AR18)&" · "&INDEX(R_St,AR18),"")))) | K18: =COUNTIFS(R_Emp,"Malcolm",R_Cnt,1,R_SN,"<"&((INT(B$7)*1440+510)+30),R_EN,">"&(INT(B$7)*1440+510)) -> 0 | L18: =IF(K18>0,_xlfn.MINIFS(R_ID,R_Emp,"Malcolm",R_Cnt,1,R_SN,"<"&((INT(B$7)*1440+510)+30),R_EN,">"&(INT(B$7)*1440+510)),0) -> 0 | M18: =COUNTIFS(R_Emp,"proMX",R_Cnt,1,R_SN,"<"&((INT(B$7)*1440+510)+30),R_EN,">"&(INT(B$7)*1440+510)) -> 0 | N18: =IF(M18>0,_xlfn.MINIFS(R_ID,R_Emp,"proMX",R_Cnt,1,R_SN,"<"&((INT(B$7)*1440+510)+30),R_EN,">"&(INT(B$7)*1440+510)),0) -> 0 | O18: =IF(AND(K18>0,M18>0),8,IF(K18>0,1,IF(M18>0,INDEX(R_StCode,N18),0))) -> 0 | P18: =COUNTIFS(R_Emp,"Malcolm",R_Cnt,1,R_SN,"<"&((INT(C$7)*1440+510)+30),R_EN,">"&(INT(C$7)*1440+510)) -> 0 | Q18: =IF(P18>0,_xlfn.MINIFS(R_ID,R_Emp,"Malcolm",R_Cnt,1,R_SN,"<"&((INT(C$7)*1440+510)+30),R_EN,">"&(INT(C$7)*1440+510)),0) -> 0 | R18: =COUNTIFS(R_Emp,"proMX",R_Cnt,1,R_SN,"<"&((INT(C$7)*1440+510)+30),R_EN,">"&(INT(C$7)*1440+510)) -> 0 | S18: =IF(R18>0,_xlfn.MINIFS(R_ID,R_Emp,"proMX",R_Cnt,1,R_SN,"<"&((INT(C$7)*1440+510)+30),R_EN,">"&(INT(C$7)*1440+510)),0) -> 0 | T18: =IF(AND(P18>0,R18>0),8,IF(P18>0,1,IF(R18>0,INDEX(R_StCode,S18),0))) -> 0 | U18: =COUNTIFS(R_Emp,"Malcolm",R_Cnt,1,R_SN,"<"&((INT(D$7)*1440+510)+30),R_EN,">"&(INT(D$7)*1440+510)) -> 0 | V18: =IF(U18>0,_xlfn.MINIFS(R_ID,R_Emp,"Malcolm",R_Cnt,1,R_SN,"<"&((INT(D$7)*1440+510)+30),R_EN,">"&(INT(D$7)*1440+510)),0) -> 0 | W18: =COUNTIFS(R_Emp,"proMX",R_Cnt,1,R_SN,"<"&((INT(D$7)*1440+510)+30),R_EN,">"&(INT(D$7)*1440+510)) -> 0 | X18: =IF(W18>0,_xlfn.MINIFS(R_ID,R_Emp,"proMX",R_Cnt,1,R_SN,"<"&((INT(D$7)*1440+510)+30),R_EN,">"&(INT(D$7)*1440+510)),0) -> 0 | Y18: =IF(AND(U18>0,W18>0),8,IF(U18>0,1,IF(W18>0,INDEX(R_StCode,X18),0))) -> 0 | Z18: =COUNTIFS(R_Emp,"Malcolm",R_Cnt,1,R_SN,"<"&((INT(E$7)*1440+510)+30),R_EN,">"&(INT(E$7)*1440+510)) -> 0 | AA18: =IF(Z18>0,_xlfn.MINIFS(R_ID,R_Emp,"Malcolm",R_Cnt,1,R_SN,"<"&((INT(E$7)*1440+510)+30),R_EN,">"&(INT(E$7)*1440+510)),0) -> 0 | AB18: =COUNTIFS(R_Emp,"proMX",R_Cnt,1,R_SN,"<"&((INT(E$7)*1440+510)+30),R_EN,">"&(INT(E$7)*1440+510)) -> 0 | AC18: =IF(AB18>0,_xlfn.MINIFS(R_ID,R_Emp,"proMX",R_Cnt,1,R_SN,"<"&((INT(E$7)*1440+510)+30),R_EN,">"&(INT(E$7)*1440+510)),0) -> 0 | AD18: =IF(AND(Z18>0,AB18>0),8,IF(Z18>0,1,IF(AB18>0,INDEX(R_StCode,AC18),0))) -> 0 | AE18: =COUNTIFS(R_Emp,"Malcolm",R_Cnt,1,R_SN,"<"&((INT(F$7)*1440+510)+30),R_EN,">"&(INT(F$7)*1440+510)) -> 0 | AF18: =IF(AE18>0,_xlfn.MINIFS(R_ID,R_Emp,"Malcolm",R_Cnt,1,R_SN,"<"&((INT(F$7)*1440+510)+30),R_EN,">"&(INT(F$7)*1440+510)),0) -> 0 | AG18: =COUNTIFS(R_Emp,"proMX",R_Cnt,1,R_SN,"<"&((INT(F$7)*1440+510)+30),R_EN,">"&(INT(F$7)*1440+510)) -> 0 | AH18: =IF(AG18>0,_xlfn.MINIFS(R_ID,R_Emp,"proMX",R_Cnt,1,R_SN,"<"&((INT(F$7)*1440+510)+30),R_EN,">"&(INT(F$7)*1440+510)),0) -> 0 | AI18: =IF(AND(AE18>0,AG18>0),8,IF(AE18>0,1,IF(AG18>0,INDEX(R_StCode,AH18),0))) -> 0 | AJ18: =COUNTIFS(R_Emp,"Malcolm",R_Cnt,1,R_SN,"<"&((INT(G$7)*1440+510)+30),R_EN,">"&(INT(G$7)*1440+510)) -> 0 | AK18: =IF(AJ18>0,_xlfn.MINIFS(R_ID,R_Emp,"Malcolm",R_Cnt,1,R_SN,"<"&((INT(G$7)*1440+510)+30),R_EN,">"&(INT(G$7)*1440+510)),0) -> 0 | AL18: =COUNTIFS(R_Emp,"proMX",R_Cnt,1,R_SN,"<"&((INT(G$7)*1440+510)+30),R_EN,">"&(INT(G$7)*1440+510)) -> 0 | AM18: =IF(AL18>0,_xlfn.MINIFS(R_ID,R_Emp,"proMX",R_Cnt,1,R_SN,"<"&((INT(G$7)*1440+510)+30),R_EN,">"&(INT(G$7)*1440+510)),0) -> 0 | AN18: =IF(AND(AJ18>0,AL18>0),8,IF(AJ18>0,1,IF(AL18>0,INDEX(R_StCode,AM18),0))) -> 0 | AO18: =COUNTIFS(R_Emp,"Malcolm",R_Cnt,1,R_SN,"<"&((INT(H$7)*1440+510)+30),R_EN,">"&(INT(H$7)*1440+510)) -> 0 | AP18: =IF(AO18>0,_xlfn.MINIFS(R_ID,R_Emp,"Malcolm",R_Cnt,1,R_SN,"<"&((INT(H$7)*1440+510)+30),R_EN,">"&(INT(H$7)*1440+510)),0) -> 0 | AQ18: =COUNTIFS(R_Emp,"proMX",R_Cnt,1,R_SN,"<"&((INT(H$7)*1440+510)+30),R_EN,">"&(INT(H$7)*1440+510)) -> 0 | AR18: =IF(AQ18>0,_xlfn.MINIFS(R_ID,R_Emp,"proMX",R_Cnt,1,R_SN,"<"&((INT(H$7)*1440+510)+30),R_EN,">"&(INT(H$7)*1440+510)),0) -> 0 | AS18: =IF(AND(AO18>0,AQ18>0),8,IF(AO18>0,1,IF(AQ18>0,INDEX(R_StCode,AR18),0))) -> 0
